"14eme","14éme"
"15eme","15éme"
"17eme","17éme"
"19eme","19éme"
"4eme","4éme"
"5eme","5éme"
"9eme","9éme"
"abaisser","abaissement"
"abattements","abattement"
"abattoirs","abattoir"
"abbe","abbé"
"abbes","abbès"
"abonnement","abonnements"
"abordable","abordables"
"abordant","aborder"
"abouties","aboutie"
"abrasif","abrasifs"
"abricot","abricots"
"absorbeurs","absorbeur"
"acacias","acacia"
"acceptées","acceptée"
"accidentel","accidentelle"
"accompagnante","accompagnant"
"accompagnatrice","accompagnateur"
"accompagnements","accompagnement"
"accomplie","accompli"
"accomplis","accompli"
"accordage","accorder"
"accordé","accordés"
"accoudoirs","accoudoir"
"accouplements","accouplement"
"accroche","accroches"
"accrocheur","accrocheuse"
"accroitre","accroître"
"accru","accrue"
"accréditations","accréditation"
"accréditée","accrédité"
"accueillante","accueillant"
"accumulateur","accumulateurs"
"accusé","accusés"
"accélérateurs","accélérateur"
"accélérés","accéléré"
"achat","achats"
"acheteuse","acheteur"
"achevées","achevée"
"acidités","acidité"
"acompte","acomptes"
"acryliques","acrylique"
"actionnaire","actionnaires"
"actionneur","actionneurs"
"activée","activées"
"actualisées","actualisée"
"actualités","actualité"
"adaptabilite","adaptabilité"
"adaptateurs","adaptateur"
"adaptatif","adaptative"
"additionnelle","additionnelles"
"adelaide","adelaïde"
"adelaïde","adélaïde"
"adelia","adélia"
"adeo","adéo"
"adhérente","adhérent"
"adjointe","adjoint"
"administratrice","administrateur"
"admise","admis"
"adoptant","adopter"
"adoptées","adoptée"
"adoucisseur","adoucisseurs"
"adéquate","adéquates"
"aer","aér"
"aerazur","aérazur"
"aero","aéro"
"aerolia","aérolia"
"aeronautique","aéronautique"
"aeroplanes","aéroplanes"
"aerospace","aérospace"
"affacturages","affacturage"
"affaire","affaires"
"afficheuse","afficheur"
"affiliations","affiliation"
"affiliée","affilié"
"affirmation","affirmer"
"affirmé","affirmer"
"affirmée","affirmé"
"affrètements","affrètement"
"affréteurs","affréteur"
"affréteuse","affréteur"
"afférent","afférents"
"affûteuse","affûteur"
"africains","africain"
"agences","agence"
"agendas","agenda"
"agente","agent"
"agiles","agile"
"agrafes","agrafe"
"agraires","agraire"
"agricultrice","agriculteur"
"agronomiques","agronomique"
"agréables","agréable"
"aidants","aidant"
"aide-soignante","aide-soignant"
"aikido","aïkido"
"aileron","ailerons"
"ailes","aile"
"aiment","aimer"
"aimerai","aimerais"
"aines","aine"
"airbags","airbag"
"aise","aisé"
"aisé","aisée"
"ajusteuse","ajusteur"
"akuiteo","akuitéo"
"albums","album"
"alcyon","alcyone"
"alenia","alénia"
"algorithme","algorithmes"
"aligné","aligner"
"alignée","aligné"
"alignées","alignée"
"alignés","aligné"
"alimentée","alimenté"
"alimentées","alimentée"
"alinea","alinéa"
"alize","alizé"
"allergène","allergènes"
"allie","allié"
"allié","alliée"
"allouée","allouées"
"allouées","alloué"
"alloués","alloué"
"allégation","allégations"
"allégement","alléger"
"allégé","allégés"
"allégée","allégé"
"alpins","alpin"
"altimètre","altimètres"
"altérations","altération"
"alvéolaire","alvéolaires"
"aléatoire","aléatoires"
"amandes","amande"
"amateure","amateur"
"amatrice","amateur"
"ambassades","ambassade"
"ambassadrice","ambassadeur"
"ambes","ambès"
"ambiants","ambiant"
"ambitieuses","ambitieuse"
"ambitions","ambition"
"ambulancière","ambulancier"
"ambulatoires","ambulatoire"
"america","américa"
"amerique","amérique"
"amiables","amiable"
"amiantes","amiante"
"amical","amicale"
"amicales","amicale"
"amidons","amidon"
"amine","amines"
"amines","aminés"
"amortissements","amortissement"
"amortisseurs","amortisseur"
"amphibies","amphibie"
"amplificateurs","amplificateur"
"amplis","ampli"
"ampoule","ampoules"
"améliorée","amélioré"
"amériques","amérique"
"anael","anaël"
"analogue","analogues"
"analyses","analyse"
"analytiques","analytique"
"anaérobies","anaérobie"
"android","androïd"
"anges","ange"
"anglo-saxonnes","anglo-saxonne"
"anglophones","anglophone"
"animalière","animalier"
"animatrice","animateur"
"animer","animation"
"animes","animés"
"anniversaires","anniversaire"
"annonceur","annonceurs"
"annoncé","annoncés"
"annoncée","annoncés"
"annuaires","annuaire"
"anode","anodes"
"antalgique","antalgiques"
"antarctiques","antarctique"
"ante","anté"
"antibactérien","antibactériens"
"antibiotique","antibiotiques"
"anticipant","anticiper"
"anticipations","anticipation"
"anticipé","anticipée"
"anticipées","anticipée"
"anticipés","anticipé"
"antifongiques","antifongique"
"antigène","antigènes"
"antimicrobien","antimicrobiens"
"antimicrobiens","antimicrobienne"
"antioxydant","antioxydante"
"antioxydante","antioxydants"
"antiquaire","antiquaires"
"antiques","antique"
"antiquité","antiquités"
"antiviral","antiviraux"
"apaiser","apaisé"
"apaisé","apaisement"
"apiculteur","apiculteurs"
"appareillage","appareillages"
"apparente","apparentes"
"appel","appels"
"applicable","applicables"
"applicatrice","applicateur"
"appliquees","appliquées"
"appontement","appontements"
"apportée","apportées"
"apprenant","apprenante"
"apprend","apprends"
"apprentie","apprenti"
"approbations","approbation"
"approchant","approcher"
"appréciée","apprécié"
"appréciées","appréciée"
"appréciés","apprécié"
"apéritif","apéritifs"
"aqueducs","aqueduc"
"aqueuses","aqueuse"
"arachide","arachides"
"aramides","aramide"
"arbitres","arbitre"
"arborescences","arborescence"
"arboricoles","arboricole"
"arboricultrice","arboriculteur"
"arbres","arbre"
"arcades","arcade"
"archis","archi"
"argentins","argentin"
"argumenté","argumentée"
"argumentée","argumentés"
"aride","arides"
"arkea","arkéa"
"armures","armure"
"armurière","armurier"
"armées","armée"
"aromatique","aromatiques"
"aromatisé","aromatisés"
"aromatisée","aromatisées"
"aromatisés","aromatisées"
"arpege","arpège"
"arrivage","arrivages"
"arrivant","arrivants"
"arrondissements","arrondissement"
"artemis","artémis"
"articulaires","articulaire"
"articuler","articulent"
"articulée","articulé"
"artificière","artificier"
"artère","artères"
"arôme","arômes"
"ascometal","ascométal"
"aseptiques","aseptique"
"asiatique","asiatiques"
"asiles","asile"
"aspirants","aspirant"
"aspirateurs","aspirateur"
"assaisonnement","assaisonnements"
"assembleurs","assembleur"
"assembleuse","assembleur"
"asservie","asservi"
"assidu","assidue"
"assiettes","assiette"
"assignation","assignations"
"assigner","assigné"
"assimilées","assimilée"
"assistant","assistante"
"associatives","associative"
"assortie","assorti"
"assortiments","assortiment"
"assumant","assumer"
"assume","assumé"
"assumé","assumer"
"assurances","assurance"
"assureur","assureurs"
"astreintes","astreinte"
"asynchrones","asynchrone"
"ateliers","atelier"
"athlètes","athlète"
"atome","atomes"
"attachement","attachements"
"attachée","attaché"
"attentive","attentif"
"attirée","attiré"
"attractif","attractive"
"attractions","attraction"
"attractives","attractive"
"atténuer","atténuateur"
"auditifs","auditif"
"auditoriums","auditorium"
"auditrice","auditeur"
"audits","audit"
"augmentant","augmenter"
"aumone","aumône"
"aurifères","aurifère"
"austral","australe"
"australienne","australien"
"auteure","auteur"
"authentiques","authentique"
"autocars","autocar"
"automobiles","automobile"
"automotrices","automotrice"
"autoradios","autoradio"
"autoroutières","autoroutière"
"autrichienne","autrichien"
"autrichiennes","autrichienne"
"auvents","auvent"
"avale","aval"
"avenant","avenants"
"avene","avène"
"avertissements","avertissement"
"aviaires","aviaire"
"avocat","avocats"
"avocate","avocat"
"avérées","avérée"
"axereal","axéréal"
"axiale","axial"
"axiaux","axial"
"aérodynamiques","aérodynamique"
"aéronaval","aéronavale"
"aérosol","aérosols"
"aérés","aéré"
"baccalaureat","baccalauréat"
"bacheliers","bachelier"
"bactérie","bactéries"
"bactérien","bactérienne"
"bactériennes","bactérienne"
"bactériens","bactérien"
"badge","badges"
"baignades","baignade"
"bail","baux"
"baisses","baisse"
"balade","balades"
"balancers","balancer"
"balayeuse","balayeuses"
"balcon","balcons"
"balistiques","balistique"
"ballade","ballades"
"ballasts","ballast"
"balles","balle"
"banche","banché"
"banches","banchés"
"banchés","banché"
"bannière","bannières"
"banquet","banquets"
"banquier","banquiers"
"baptêmes","baptême"
"bardeaux","bardeau"
"barge","barges"
"baromètres","baromètre"
"barométrique","barométriques"
"barra","barras"
"barrages","barrage"
"barreaux","barreau"
"barthelemy","barthélemy"
"barème","barèmes"
"batardeau","batardeaux"
"bateliers","batelier"
"batteuse","batteur"
"becquets","becquet"
"beghin","béghin"
"bejaia","béjaia"
"belier","bélier"
"benelux","bénélux"
"benevolat","bénévolat"
"beni","béni"
"benin","bénin"
"benite","bénite"
"berceau","berceaux"
"berlinoises","berlinoise"
"beton","bêton"
"betteraves","betterave"
"beurres","beurre"
"bibles","bible"
"bibliographiques","bibliographique"
"bielles","bielle"
"bienveillante","bienveillant"
"bijoutière","bijoutier"
"bilans","bilan"
"bilatéral","bilatéraux"
"bilatérale","bilatérales"
"bilatérales","bilatéraux"
"bimensuel","bimensuelles"
"bimensuelle","bimensuelles"
"binaires","binaire"
"biochimique","biochimiques"
"biodiesel","biodiésel"
"biodégradable","biodégradables"
"biographie","biographies"
"biologistes","biologiste"
"biomasses","biomasse"
"biomédicale","biomédical"
"biomédicales","biomédicale"
"biophysiques","biophysique"
"biosphere","biosphère"
"biotechnologie","biotechnologies"
"bipolaires","bipolaire"
"biscotte","biscottes"
"biscuit","biscuits"
"bit","bits"
"bitume","bitumé"
"bitumes","bitume"
"blini","blinis"
"block","blocks"
"bloquant","bloquants"
"bloquante","bloquant"
"bloquer","bloquant"
"blots","blot"
"blés","blé"
"boa","boas"
"bobineuses","bobineuse"
"bogie","bogies"
"boitier","boîtier"
"boitiers","boîtiers"
"bonbon","bonbons"
"bords","bord"
"bordure","bordures"
"borealis","boréalis"
"bottière","bottier"
"bouchon","bouchons"
"boucliers","bouclier"
"bougie","bougies"
"bouilleurs","bouilleur"
"bouler","boulage"
"boumerdes","boumerdès"
"bouées","bouée"
"bovin","bovins"
"bovine","bovin"
"bovines","bovins"
"boîtiers","boîtier"
"bracelet","bracelets"
"brainstormings","brainstorming"
"braser","brasé"
"brasseur","brasseurs"
"brasseuse","brasseur"
"brassé","brassés"
"brasures","brasure"
"bresil","brésil"
"bretelle","bretelles"
"bretonne","breton"
"bretonnes","bretonne"
"bretons","breton"
"brezillon","brézillon"
"bricoleur","bricoler"
"bride","brides"
"briefings","briefing"
"brigades","brigade"
"brioches","brioche"
"brocante","brocantes"
"brocheur","brocheuse"
"brochure","brochures"
"brode","brodeur"
"bronzière","bronzier"
"brouillard","brouillards"
"bruleur","brûleur"
"brunchs","brunch"
"bruns","brun"
"brutale","brutal"
"bruyère","bruyères"
"brésilienne","brésilien"
"budgets","budget"
"buffets","buffet"
"bug","bugs"
"bulbe","bulbes"
"bulgares","bulgare"
"bulldozers","bulldozer"
"bunkers","bunker"
"buse","buses"
"butée","butées"
"bâtisseurs","bâtisseur"
"bébés","bébé"
"béjaia","bejaïa"
"bénéficient","bénéficier"
"bénéficié","bénéficier"
"bénéfique","bénéfiques"
"bénévolats","bénévolat"
"bétonnages","bétonnage"
"cabane","cabanes"
"cableur","câbleur"
"cablier","câblier"
"cadets","cadet"
"cadreuse","cadreur"
"cafeteria","cafétéria"
"cafetier","cafetière"
"cafétérias","cafétéria"
"cahiers","cahier"
"caissier","caissière"
"cake","cakes"
"calcule","calculé"
"calculs","calcul"
"calculée","calculé"
"calculés","calculé"
"calendaires","calendaire"
"calendriers","calendrier"
"calle","cal"
"caloporteurs","caloporteur"
"calorifiques","calorifique"
"calques","calque"
"camaieu","camaïeu"
"came","cames"
"cameras","camera"
"canalisatrice","canalisateur"
"canards","canard"
"cancers","cancer"
"caneco","canéco"
"caniveau","caniveaux"
"cannelure","cannelures"
"canoe","canoë"
"cantines","cantine"
"capitalisant","capitaliser"
"capitalise","capitalisé"
"capitalisé","capitaliser"
"capots","capot"
"caprices","caprice"
"capsule","capsules"
"captif","captive"
"captives","captive"
"caractérisations","caractérisation"
"caractérisés","caractérisé"
"caraibes","caraïbes"
"caramels","caramel"
"caraïbe","caraïbes"
"carbonates","carbonate"
"carbones","carbonés"
"carbures","carbure"
"cardio-vasculaire","cardio-vasculaires"
"cardiovasculaires","cardiovasculaire"
"caritatif","caritative"
"caritatifs","caritatif"
"caritatives","caritative"
"carmes","carme"
"carotte","carottes"
"carottes","carotté"
"carrelages","carrelage"
"carreleurs","carreleur"
"carreleuse","carreleur"
"carrossière","carrossier"
"carters","carter"
"cartographiques","cartographique"
"cartonnages","cartonnage"
"cartonniers","cartonnier"
"casernes","caserne"
"cassette","cassettes"
"caséine","caséines"
"catalyseur","catalyseurs"
"catalytiques","catalytique"
"catamarans","catamaran"
"catapulte","catapultes"
"catastrophe","catastrophes"
"category","catégory"
"cathode","cathodes"
"cathédrales","cathédrale"
"catégorisant","catégorisation"
"catégoriser","catégorisant"
"caténaire","caténaires"
"causerie","causeries"
"causé","causés"
"causées","causée"
"caution","cautions"
"cavaliers","cavalier"
"cavalière","cavalier"
"cedeo","cédéo"
"cedres","cèdres"
"cedria","cédria"
"cegedim","cégédim"
"cegid","cégid"
"celia","célia"
"cellulaires","cellulaire"
"celluloses","cellulose"
"cemoi","cémoi"
"cendre","cendres"
"centrages","centrage"
"centralisant","centraliser"
"centraliser","centralisation"
"centrifuge","centrifuges"
"cereal","céréal"
"cerise","cerises"
"certifiante","certifiant"
"certifiants","certifiant"
"cervantes","cervantès"
"cessations","cessation"
"cesse","cessent"
"cesser","cessent"
"cessé","cesser"
"cesure","césure"
"chaises","chaise"
"chalets","chalet"
"chalons","châlons"
"champignon","champignons"
"championnats","championnat"
"championne","champion"
"champions","champion"
"chances","chance"
"changeants","changeant"
"chansons","chanson"
"chante","chanteur"
"chanteuse","chanteur"
"chape","chapes"
"chapiteau","chapiteaux"
"chapitres","chapitre"
"charcuteries","charcuterie"
"charcutiers","charcutier"
"charcutière","charcutier"
"chargee","chargée"
"chargeuse","chargeur"
"chargée","chargé"
"charpentière","charpentier"
"charrue","charrues"
"chasseurs","chasseur"
"chasseuse","chasseur"
"chateau","château"
"chateaubriant","châteaubriant"
"chateaux","châteaux"
"chatel","châtel"
"chatelet","châtelet"
"chatenay","châtenay"
"chaudronniers","chaudronnier"
"chaudronnière","chaudronnier"
"chauffantes","chauffante"
"chauffants","chauffant"
"chauffe-eaux","chauffe-eau"
"chauffer","chauffant"
"chaufferies","chaufferie"
"chauffes","chauffés"
"chauffeuse","chauffeur"
"chauffé","chauffée"
"chauffée","chauffer"
"che","ché"
"check-lists","check-list"
"cheffe","chef"
"cheminements","cheminement"
"chenal","chenaux"
"chenille","chenilles"
"chercheuse","chercheur"
"cherie","chérie"
"chevaliers","chevalier"
"chevilles","cheville"
"chier","chiers"
"chimiothérapies","chimiothérapie"
"chirurgical","chirurgicaux"
"chirurgicales","chirurgicale"
"chirurgien","chirurgiens"
"chloe","chloé"
"chlorures","chlorure"
"chocolats","chocolat"
"chocs","choc"
"cholesterol","cholestérol"
"choral","chorale"
"choregie","chorégie"
"choristes","choriste"
"chose","choses"
"chromatographies","chromatographie"
"chromeleon","chroméléon"
"chroniqueuse","chroniqueur"
"chronométrages","chronométrage"
"châteaux","château"
"chèque","chèques"
"chèvres","chèvre"
"chênes","chêne"
"ciblée","ciblées"
"cidres","cidre"
"cimenteries","cimenterie"
"cine","ciné"
"cintres","cintrés"
"cinétiques","cinétique"
"circulatoire","circulatoires"
"cisailles","cisaille"
"citer","citation"
"citernes","citerne"
"citoyenne","citoyen"
"citoyennes","citoyenne"
"citroen","citroên"
"citrons","citron"
"civilisation","civilisations"
"claim","claims"
"clamps","clamp"
"clapet","clapets"
"clash","clashs"
"classes","classe"
"classeuse","classeur"
"classifier","classifiés"
"classifié","classifiés"
"classée","classé"
"clement","clément"
"clercs","clerc"
"clients","client"
"climatiseur","climatiseurs"
"cliquant","cliquer"
"cliquer","cliquez"
"cloison","cloisons"
"clonages","clonage"
"clones","clone"
"cluse","cluses"
"clusters","cluster"
"clôtures","clôture"
"co-animateur","co-animatrice"
"co-auteure","co-auteur"
"co-président","co-présidente"
"coache","coaché"
"cockpits","cockpit"
"cocktail","cocktails"
"codant","coder"
"code","codes"
"coder","codé"
"codeurs","codeur"
"codée","codé"
"coefficients","coefficient"
"cofinancement","cofinancements"
"cofondatrice","cofondateur"
"coheris","cohéris"
"cohérentes","cohérente"
"coiffer","coiffage"
"coiffeuse","coiffeur"
"collaboratrices","collaboratrice"
"collectionneurs","collectionneur"
"collectrice","collecteur"
"collecté","collectés"
"colleur","colleuse"
"collier","colliers"
"collines","colline"
"colloques","colloque"
"collèges","collège"
"colonie","colonies"
"combattante","combattant"
"combinatoires","combinatoire"
"combine","combiné"
"comble","combles"
"comestible","comestibles"
"comete","comète"
"comités","comité"
"commandante","commandant"
"commande","commandes"
"commandos","commando"
"commandée","commandé"
"commerçante","commerçant"
"commise","commis"
"commissaire","commissaires"
"commissariats","commissariat"
"commissionnaires","commissionnaire"
"commodité","commodités"
"communicante","communicant"
"communicative","communicatif"
"communiqué","communiqués"
"commutateur","commutateurs"
"compacte","compactes"
"compagnes","compagne"
"compagnonne","compagnon"
"comparaisons","comparaison"
"comparant","comparer"
"comparatifs","comparatif"
"comparée","comparé"
"compensateur","compensateurs"
"compensé","compensés"
"compilateur","compiler"
"compilateurs","compilateur"
"complements","compléments"
"complémentarités","complémentarité"
"complétée","complété"
"compositrice","compositeur"
"compost","composts"
"compote","compotes"
"compound","compounds"
"compresseur","compresseurs"
"compressible","compressibles"
"comprimée","comprimé"
"comptabilisations","comptabilisation"
"comptabilite","comptabilité"
"comptabilités","comptabilité"
"comptable","comptables"
"compte-rendus","compte-rendu"
"compétiteurs","compétiteur"
"compétitive","compétitif"
"comte","comté"
"comtoise","comtoises"
"comédienne","comédien"
"comédies","comédie"
"concassages","concassage"
"concasseurs","concasseur"
"concentrateurs","concentrateur"
"conceptrice","concepteur"
"conceptuelle","conceptuel"
"conceptuels","conceptuel"
"concertée","concertées"
"concluant","concluants"
"conclue","conclu"
"concrétiser","concrétisation"
"concrétisés","concrétisé"
"concurrencer","concurrencé"
"concurrente","concurrentes"
"concurrentielles","concurrentielle"
"condamnation","condamnations"
"condensateur","condensateurs"
"condiment","condiments"
"conditionner","conditionnement"
"conditionneur","conditionneuse"
"conditionnée","conditionnées"
"conductivités","conductivité"
"conductrice","conducteur"
"confiant","confier"
"configure","configuré"
"configurés","configuré"
"confiné","confinés"
"confinée","confinées"
"confirmations","confirmation"
"confirmee","confirme"
"confiture","confitures"
"conforté","conforter"
"confrontée","confronté"
"confrontées","confrontée"
"conférencière","conférencier"
"conge","congé"
"congelé","congelés"
"conges","congés"
"congres","congress"
"congélateurs","congélateur"
"conjugale","conjugal"
"conjugue","conjugués"
"conjuguer","conjuguant"
"conjugué","conjugués"
"conjuguée","conjugués"
"connaissements","connaissement"
"conquete","conquête"
"conquêtes","conquête"
"cons","con"
"consacrent","consacrer"
"consciente","conscient"
"consentements","consentement"
"conservatrice","conservateur"
"conserve","conserves"
"conserver","conservant"
"conserveries","conserverie"
"considérée","considéré"
"considérés","considéré"
"consolidations","consolidation"
"consolide","consolidé"
"consolideur","consolide"
"consolidée","consolidé"
"consolidées","consolidée"
"consommées","consommée"
"constate","constaté"
"constatée","constaté"
"consulaires","consulaire"
"consulats","consulat"
"consultante","consultant"
"consultatif","consultatifs"
"consultations","consultation"
"consultative","consultatif"
"consulte","consulté"
"consécutive","consécutives"
"conséquente","conséquent"
"contactés","contacté"
"container","containers"
"contaminant","contaminants"
"contaminations","contamination"
"contemporain","contemporaine"
"contemporains","contemporain"
"contestations","contestation"
"contracter","contracteur"
"contradictoires","contradictoire"
"contraignants","contraignant"
"contrat","contrats"
"contrefaçons","contrefaçon"
"contremaitres","contremaîtres"
"contrepartie","contreparties"
"contribuable","contribuables"
"contrôleuse","contrôleur"
"convaincante","convaincant"
"convaincue","convaincu"
"convecteurs","convecteur"
"convergents","convergent"
"conversations","conversation"
"convertisseurs","convertisseur"
"convictions","conviction"
"convivial","conviviale"
"conviviales","conviviale"
"conviviaux","convivial"
"convocation","convocations"
"convoyeuse","convoyeur"
"cookie","cookies"
"coordinations","coordination"
"coordonnatrice","coordonnateur"
"copieur","copieurs"
"coproduit","coproduits"
"cordonnière","cordonnier"
"cordée","cordées"
"corners","corner"
"correctes","correcte"
"correcteurs","correcteur"
"correctif","corrective"
"correctrice","correcteur"
"corrige","corrigé"
"corrélations","corrélation"
"coréens","coréen"
"costumière","costumier"
"coteau","coteaux"
"cottages","cottage"
"cotée","cotées"
"couché","coucher"
"coude","coudes"
"coulissant","coulissante"
"coulissantes","coulissante"
"coulisses","coulisse"
"couloirs","couloir"
"coulés","coulé"
"coupant","coupants"
"coupeur","coupeuse"
"coupeuses","coupeuse"
"couplages","couplage"
"coupler","coupleur"
"couplers","coupler"
"coupleur","coupleurs"
"couplée","couplé"
"couplées","couplée"
"couplés","couplé"
"coupures","coupure"
"courageuse","courage"
"coureur","courir"
"coureurs","courir"
"couronnées","couronnée"
"courriels","courriel"
"coursière","coursier"
"courtes","courte"
"courtiers","courtier"
"courtière","courtier"
"courtoise","courtois"
"coussin","coussins"
"couts","coûts"
"couturière","couturier"
"couvercle","couvercles"
"couverte","couvert"
"couvreurs","couvreur"
"couvreuse","couvreur"
"coût","coûts"
"crackers","cracker"
"cranes","crane"
"credoc","crédoc"
"cremerie","crémerie"
"creo","créo"
"creuses","creuse"
"crevette","crevettes"
"criminelle","criminelles"
"crises","crise"
"croates","croate"
"crocodile","crocodiles"
"croisières","croisière"
"croissantes","croissante"
"croisé","croisés"
"croitre","croître"
"croupière","croupier"
"crowne","crown"
"cryogéniques","cryogénique"
"crypté","cryptée"
"crèmes","crème"
"créance","créances"
"créas","créa"
"créative","créatif"
"créatrice","créateur"
"crédits","crédit"
"crémaillère","crémaillères"
"crêpe","crêpes"
"crêtes","crête"
"cubes","cube"
"cueilleur","cueilleuse"
"cuisinière","cuisinier"
"cuit","cuits"
"cuites","cuite"
"cuits","cuite"
"culasses","culasse"
"cultivateur","cultivatrice"
"cultivateurs","cultivateur"
"curatif","curative"
"customisé","customisés"
"cutané","cutanée"
"cutanées","cutanée"
"cutanés","cutané"
"cuvettes","cuvette"
"cybernetix","cybernétix"
"cyclable","cyclables"
"cycliques","cyclique"
"cycliste","cyclistes"
"cylindriques","cylindrique"
"cynophiles","cynophile"
"câbler","câblée"
"câbleuse","câbleur"
"câblier","câbliers"
"câblé","câblée"
"câblées","câblée"
"cèdre","cèdres"
"cédé","cédée"
"céleste","célestes"
"célébrations","célébration"
"céréalier","céréalière"
"cérébral","cérébrale"
"cérébrales","cérébrale"
"côtière","côtier"
"côtières","côtière"
"dallages","dallage"
"danger","dangers"
"danser","danseuse"
"danses","danse"
"danseur","danseuse"
"danseuse","danse"
"deadline","deadlines"
"debrief","débrief"
"debriefing","débriefing"
"debug","débug"
"decathlon","décathlon"
"decidium","décidium"
"declarations","déclarations"
"decleor","decléor"
"declic","déclic"
"decoufle","decouflé"
"degremont","degrémont"
"delais","délais"
"delices","délices"
"demandé","demandés"
"demeures","demeure"
"deo","déo"
"deploiement","déploiement"
"deposition","déposition"
"depot","dépot"
"depots","depôts"
"dermatologique","dermatologiques"
"designeuse","designer"
"dessert","desserts"
"dessinatrice","dessinateur"
"dessine","dessiné"
"destructives","destructive"
"dettes","dette"
"diabetes","diabètes"
"diabétique","diabétiques"
"diagnostiqueuse","diagnostiqueur"
"diagrammes","diagramme"
"diamants","diamant"
"diaporamas","diaporama"
"dies","die"
"diesels","diésels"
"diffusée","diffusées"
"différenciant","différenciation"
"différenciante","différenciant"
"différenciants","différenciant"
"différencier","différenciant"
"différencié","différenciés"
"différenciées","différenciée"
"différentiel","différentielle"
"différentielles","différentielle"
"différentiels","différentiel"
"différé","différés"
"digestif","digestive"
"digestifs","digestif"
"digestives","digestive"
"digitale","digital"
"digue","digues"
"dijonnais","dijonnaise"
"diligences","diligence"
"dilutions","dilution"
"dimensionnements","dimensionnement"
"diminuant","diminuer"
"diminue","diminué"
"diminuée","diminué"
"dinatoire","dînatoire"
"dindes","dinde"
"diner","dîner"
"diners","dîners"
"diode","diodes"
"diplomatiques","diplomatique"
"diplome","diplomé"
"diplomé","diplômé"
"diplômée","diplômé"
"directrice","directeur"
"dirigeables","dirigeable"
"dirigeantes","dirigeante"
"discerner","discernement"
"disciplinaire","disciplinaires"
"disciplinée","discipliné"
"discotheque","discothèque"
"discounts","discount"
"discretion","discrétion"
"discriminante","discriminant"
"discriminations","discrimination"
"discussions","discussion"
"disfonctionnement","disfonctionnements"
"dispatcheur","dispatcher"
"dispatcheuse","dispatcher"
"dispensaires","dispensaire"
"dispensé","dispensés"
"dispersé","dispersés"
"disposée","disposé"
"disruptif","disruptive"
"dissections","dissection"
"dissipateur","dissipateurs"
"dissipations","dissipation"
"distant","distants"
"distante","distantes"
"distantes","distants"
"distillateur","distiller"
"distillateurs","distillateur"
"distilleries","distillerie"
"distinguée","distinguées"
"divergent","divergents"
"diversifier","diversifié"
"diversifié","diversifiée"
"diversifiés","diversifié"
"divertissements","divertissement"
"divisionnaires","divisionnaire"
"divisée","divisé"
"divisées","divisée"
"divisés","divisé"
"diététicien","diététicienne"
"djamena","djaména"
"djeno","djéno"
"docteure","docteur"
"doctoral","doctorale"
"doctorales","doctorale"
"documente","documenté"
"documenté","documentés"
"documentés","documenter"
"domiciliations","domiciliation"
"doree","dorée"
"dormants","dormant"
"doré","dorée"
"dossier","dossiers"
"dote","doté"
"dots","dot"
"dotée","doté"
"douanier","douaniers"
"douanière","douaniers"
"doublage","doublages"
"doubler","doublement"
"douches","douche"
"dragages","dragage"
"drains","drain"
"dresse","dressé"
"dresseuse","dresseur"
"drink","drinks"
"drivers","driver"
"drugstores","drugstore"
"durci","durcis"
"duretés","dureté"
"débardage","débarder"
"débardeur","débardeuse"
"débardeuse","débarder"
"débarrassage","débarrasser"
"débat","débats"
"débitrice","débiteur"
"débutante","débutant"
"débutent","débuter"
"décaissement","décaissements"
"décalages","décalage"
"décalé","décalés"
"décanteurs","décanteur"
"décennales","décennale"
"décentralisé","décentralisée"
"décentralisées","décentralisée"
"décernée","décerné"
"décidée","décidées"
"décisionnels","décisionnel"
"déclarant","déclarante"
"déclaration","déclarations"
"déclaré","déclarer"
"déclarés","déclarer"
"décodeur","décodeurs"
"décompositions","décomposition"
"décompte","décomptes"
"décontaminer","décontamination"
"décoratrice","décorateur"
"découpeur","découpeuse"
"découverts","découvert"
"décrets","décret"
"dédouanements","dédouanement"
"défaillance","défaillances"
"défaillante","défaillantes"
"défavorisé","défavorisés"
"déficience","déficiences"
"déficitaires","déficitaire"
"définitif","définitive"
"déflecteur","déflecteurs"
"déformée","déformées"
"défunt","défunts"
"dégrader","dégradé"
"dégradée","dégradées"
"dégustateurs","dégustateur"
"dégustations","dégustation"
"dégustatrice","dégustateur"
"déguster","dégustateur"
"déjeuners","déjeuner"
"déjeuné","déjeuner"
"délai","délais"
"délestages","délestage"
"délibération","délibérations"
"délice","délices"
"délivrée","délivré"
"délocalisé","délocalisés"
"délocalisée","délocalisés"
"déléguée","délégué"
"démarchages","démarchage"
"démarcher","démarchage"
"démarques","démarque"
"démarreur","démarreurs"
"dématérialiser","dématérialisé"
"dématérialisé","dématérialisés"
"dématérialisée","dématérialisé"
"dématérialisés","dématérialisation"
"démineuse","démineur"
"démissions","démission"
"démontable","démontables"
"démontrant","démontrer"
"démontrent","démontrer"
"démontré","démontrer"
"démontrée","démontré"
"démontrées","démontrée"
"déménageuse","déménageur"
"démérites","démérite"
"dénombrements","dénombrement"
"dénommé","dénommée"
"dépanne","dépanneuse"
"dépanneuse","dépanneur"
"départementale","départemental"
"départementales","départementale"
"dépassant","dépasser"
"dépasser","dépassement"
"dépassé","dépassés"
"dépliants","dépliant"
"déployée","déployé"
"déporté","déportés"
"déposées","déposée"
"dépouiller","dépouillement"
"dépréciations","dépréciation"
"députés","député"
"dérivations","dérivation"
"dérive","dérives"
"dériveurs","dériveur"
"dérogation","dérogations"
"dérouleur","dérouleuse"
"dérouleuses","dérouleuse"
"désaccord","désaccords"
"désertique","désertiques"
"déshydraté","déshydratés"
"désir","désire"
"désireuse","désire"
"désireuses","désireuse"
"déstockages","déstockage"
"détacher","détachage"
"détacheur","détacheuse"
"détectée","détectées"
"détendeur","détendeurs"
"détenue","détenu"
"détenues","détenu"
"déterminé","déterminée"
"détruit","détruite"
"développeuse","développeur"
"déversements","déversement"
"déversoir","déversoirs"
"dévoiements","dévoiement"
"dévoué","dévouée"
"dîners","dîner"
"e-reputation","e-réputation"
"ec","éc"
"ech","éch"
"echangeur","échangeur"
"echangeurs","échangeurs"
"echappements","échappements"
"echecs","échecs"
"eclairage","éclairage"
"eclipse","éclipse"
"ecluses","écluses"
"ecolabel","écolabel"
"ecole","école"
"ecoles","écoles"
"economat","économat"
"econome","économe"
"economie-gestion","économie-gestion"
"economies","économies"
"economiste","économiste"
"economistes","économistes"
"ecoquartier","écoquartier"
"ecosse","écosse"
"ecotrophelia","écotrophélia"
"ecoulements","écoulements"
"ecoute","écoute"
"ecouter","écouter"
"ecrans","écrans"
"ecrit","écrit"
"ecriture","écriture"
"ecritures","écritures"
"ecrivain","écrivain"
"ecurie","écurie"
"ed","éd"
"edimbourg","édimbourg"
"editeurs","éditeurs"
"edouard","édouard"
"educateur","éducateur"
"educatrice","éducatrice"
"efficiences","efficience"
"efficientes","efficiente"
"eglise","église"
"egypte","égypte"
"elaboration","élaboration"
"elaborations","élaborations"
"elabore","élabore"
"elaguer","élaguer"
"elancourt","élancourt"
"ele","élé"
"election","élection"
"elections","élections"
"electricien","électricien"
"electricienne","électricienne"
"electrique","électrique"
"electriques","électriques"
"electrochimie","électrochimie"
"electrode","électrode"
"electrolytes","électrolytes"
"electronicien","électronicien"
"element","elément"
"elevages","élevages"
"elu","élu"
"elue","élue"
"elysee","élysée"
"elysees","élysées"
"emballeur","emballeuse"
"emballeuse","emballer"
"emballé","emballer"
"emballés","emballé"
"embauches","embauche"
"emblématique","emblématiques"
"embruns","embrun"
"emetteur","émetteur"
"emile","émile"
"emirats","émirats"
"employée","employé"
"emports","emport"
"emprise","emprises"
"emprunt","emprunts"
"emprunteurs","emprunteur"
"encadrante","encadrant"
"encart","encarts"
"enchainement","enchaînement"
"encoder","encodage"
"encodeur","encodeurs"
"encorbellements","encorbellement"
"encourageant","encourager"
"encouru","encourus"
"endommagements","endommagement"
"endurant","endurante"
"energetique","énergetique"
"energie","énergie"
"enfouissements","enfouissement"
"engagée","engagé"
"engendrer","engendré"
"engendré","engendrés"
"enjoliveur","enjoliveurs"
"enquêteur","enquêtrice"
"enregistreuses","enregistreuse"
"enrichie","enrichi"
"enrichies","enrichie"
"enrichis","enrichi"
"enrichissant","enrichissante"
"enrichissantes","enrichissante"
"enrobé","enrobés"
"enrobée","enrobées"
"enseignante","enseignant"
"enseigné","enseignés"
"enseignée","enseigné"
"ensemencements","ensemencement"
"entamé","entamer"
"enter","enteur"
"enterré","enterrés"
"enterrée","enterrées"
"enterrées","enterrés"
"enteur","ente"
"enthousiasme","enthousiasmé"
"entourée","entouré"
"entrainant","entraînant"
"entrainements","entraînements"
"entraineur","entraîneur"
"entrante","entrantes"
"entraîne","entraîneuse"
"entraîneuse","entraîneur"
"entremet","entremets"
"entreprenante","entreprenant"
"entreprend","entreprends"
"envergures","envergure"
"envies","envie"
"envisagé","envisagés"
"envisagée","envisagées"
"enzymatiques","enzymatique"
"enzyme","enzymes"
"eolien","éolien"
"eolienne","éolienne"
"eoliens","éoliens"
"epanouissement","épanouissement"
"epargne","épargne"
"epauler","épauler"
"epicerie","épicerie"
"epiceries","épiceries"
"epices","épices"
"epicurien","épicurien"
"epinal","épinal"
"epine","épine"
"epoxy","époxy"
"eqh","éqh"
"equateur","équateur"
"equatoriale","équatoriale"
"equipementier","équipementier"
"equipes","équipes"
"equipier","équipier"
"equitable","équitable"
"equitation","équitation"
"er","ér"
"eradication","éradication"
"ergonomiques","ergonomique"
"errant","errants"
"erronée","erronées"
"escamotables","escamotable"
"esclaves","esclave"
"escomptes","escompte"
"esitpa","ésitpa"
"esprits","esprit"
"essaadi","essaâdi"
"essayeurs","essayeur"
"essential","essentials"
"essuie-glaces","essuie-glace"
"estacades","estacade"
"este","estee"
"ester","esters"
"esthéticienne","esthéticien"
"estimée","estimées"
"estimés","estimé"
"estivale","estivales"
"etain","étain"
"etalagiste","étalagiste"
"etat-major","état-major"
"etats-unis","états-unis"
"ethanol","éthanol"
"ethernet","éthernet"
"ethiopie","éthiopie"
"ethique","éthique"
"etienne","étienne"
"etoiles","étoilés"
"etroite","étroite"
"etude","étude"
"etudes","études"
"etudiant","étudiant"
"etudiante","étudiante"
"euroserum","eurosérum"
"eus","euse"
"evalua","évalua"
"evaluateur","évaluateur"
"evaporateur","évaporateur"
"evaporation","évaporation"
"evasion","évasion"
"evenementiel","évenementiel"
"evenements","évenements"
"evian","évian"
"evreux","évreux"
"evry","évry"
"examiné","examinés"
"excavations","excavation"
"excavatrice","excavatrices"
"excellentes","excellente"
"excursion","excursions"
"excédent","excédents"
"exe","exé"
"exec","exéc"
"executif","exécutif"
"executive","exécutive"
"exhibitions","exhibition"
"exigée","exigé"
"exonérations","exonération"
"expatriations","expatriation"
"expatriée","expatrié"
"expedia","expédia"
"explicatif","explicatifs"
"explicative","explicatif"
"explicatives","explicative"
"exploitable","exploitables"
"exploitante","exploitant"
"exploratoires","exploratoire"
"exponentielle","exponentiel"
"exporter","exportateur"
"exporté","exportés"
"exposant","exposants"
"exposante","exposant"
"expose","exposé"
"exprimé","exprimés"
"exprimée","exprimé"
"exprimées","exprimée"
"expédié","expédiés"
"expériences","expérience"
"extincteur","extincteurs"
"extinctions","extinction"
"extracteurs","extracteur"
"extraite","extraites"
"extraordinaire","extraordinaires"
"extras","extra"
"extrémités","extrémité"
"exécutifs","exécutif"
"facilitatrice","facilitateur"
"facilitée","facilité"
"facilités","facilité"
"factorielle","factorielles"
"factors","factor"
"factuel","factuelle"
"facturations","facturation"
"facturés","facturé"
"faculte","faculté"
"failles","faille"
"falaises","falaise"
"familiarisé","familiarisée"
"fantaisies","fantaisie"
"fantastiques","fantastique"
"farines","farine"
"fascicules","fascicule"
"fatales","fatale"
"fauche","fauché"
"faute","fautes"
"favori","favoris"
"faïences","faïence"
"federateur","fédérateur"
"fendeur","fendeuse"
"feriana","fériana"
"ferment","ferments"
"fermenté","fermentés"
"fermier","fermiers"
"ferrites","ferrite"
"ferronnière","ferronnier"
"ferrures","ferrure"
"fertilisant","fertiliser"
"fertiliser","fertilisants"
"festif","festive"
"festivals","festival"
"festive","festifs"
"festives","festive"
"feuillet","feuillette"
"feuillets","feuillette"
"feuilletées","feuilletée"
"fiabilise","fiabilisé"
"fiats","fiat"
"fibré","fibrés"
"fictif","fictive"
"fictions","fiction"
"fidelio","fidélio"
"fideliser","fidéliser"
"figurante","figurant"
"figurines","figurine"
"filaires","filaire"
"fileur","fileuse"
"filles","fille"
"filoguidé","filoguidés"
"finisseuse","finisseur"
"finlandaise","finlandais"
"firmes","firme"
"fiscale","fiscales"
"fiscalistes","fiscaliste"
"fixé","fixés"
"flacon","flacons"
"flammes","flamme"
"flasque","flasques"
"fleurie","fleuri"
"florales","florale"
"flottantes","flottante"
"flottants","flottant"
"flotteurs","flotteur"
"fluctuation","fluctuations"
"fluorescente","fluorescentes"
"fluorescentes","fluorescent"
"fluorescents","fluorescent"
"fluorure","fluorures"
"flute","flûte"
"focalisant","focalisation"
"focaliser","focalisant"
"foies","foie"
"folies","folie"
"fonctionnaire","fonctionnaires"
"fondamental","fondamentale"
"fondatrice","fondateur"
"fonder","fondement"
"fondeuse","fondeur"
"fondue","fondu"
"fondus","fondu"
"fongecif","fongécif"
"fongiques","fongique"
"footballeurs","footballeur"
"forcé","forcée"
"forcées","forcée"
"forestières","forestière"
"foreur","foreuse"
"forfaitaires","forfaitaire"
"forgeron","forgeronne"
"forges","forgés"
"formalismes","formalisme"
"formations","formation"
"formatrice","formateur"
"formel","formels"
"formelles","formelle"
"formulé","formulés"
"forums","forum"
"fosses","fosse"
"fossile","fossiles"
"fougeres","fougères"
"foulée","foulées"
"fourches","fourche"
"fourgon","fourgons"
"fourneau","fourneaux"
"fournisseur","fournisseurs"
"fourrage","fourrages"
"fourragère","fourragères"
"fourrures","fourrure"
"fourrées","fourrée"
"fractale","fractales"
"fraction","fractions"
"fragment","fragments"
"fragrances","fragrance"
"fraiche","fraîche"
"fraiches","fraîches"
"fraiseur","fraiseuse"
"franceetranger","franceétranger"
"franchise","franchisé"
"franco-allemande","franco-allemand"
"franco-allemands","franco-allemand"
"fraîche","fraîches"
"frederic","fréderic"
"freres","frères"
"fresenius","frésénius"
"friche","friches"
"frictions","friction"
"fromage","fromages"
"fromager","fromagère"
"fromagere","fromagère"
"fromageries","fromagerie"
"fromagers","fromager"
"fromagères","fromagère"
"frottements","frottement"
"fruitier","fruitiere"
"fruitiere","fruitière"
"fruitiers","fruitière"
"fruitières","fruitière"
"fréquent","fréquents"
"fumés","fumé"
"funiculaires","funiculaire"
"funéraire","funéraires"
"fuselages","fuselage"
"fusiliers","fusilier"
"fusionne","fusionné"
"fusionnent","fusionner"
"fusionné","fusionnée"
"fusées","fusée"
"fédérale","fédéral"
"fédérant","fédérer"
"fédérateur","fédérer"
"fédératrice","fédérateur"
"fédéraux","fédéral"
"félicitation","félicitations"
"féminine","féminin"
"féminines","féminin"
"gabes","gabès"
"gabion","gabions"
"gabès","gabés"
"gagnante","gagnant"
"gaillarde","gaillard"
"galas","gala"
"galette","galettes"
"galle","galles"
"galvanisée","galvanisé"
"games","game"
"garante","garant"
"garanti","garantis"
"garantissant","garantir"
"gardienne","gardien"
"garni","garnis"
"garçons","garçon"
"gastro-entérologue","gastro-entérologues"
"gaufrettes","gaufrette"
"gaules","gaule"
"gaulles","gaulle"
"gazoducs","gazoduc"
"gazons","gazon"
"gazéifier","gazéifieur"
"geant","géant"
"gemalto","gémalto"
"gendarmes","gendarme"
"gene","géné"
"generali","générali"
"generaux","généraux"
"generix","générix"
"genie","génie"
"genio","génio"
"genopole","génopole"
"geode","géode"
"geodis","géodis"
"geomensura","géomensura"
"gerbers","gerber"
"gerin","gérin"
"germaine","germain"
"germanique","germaniques"
"germanophone","germanophones"
"gicleur","gicleurs"
"giratoires","giratoire"
"girl","girls"
"gites","gîtes"
"glaces","glacés"
"glacé","glacée"
"glaçages","glaçage"
"glissements","glissement"
"gobelet","gobelets"
"gommes","gomme"
"gondole","gondoles"
"gorge","gorges"
"goulet","goulets"
"goulot","goulots"
"goulotte","goulottes"
"gourmande","gourmandes"
"gourmandes","gourmand"
"gourmandise","gourmandises"
"gourmands","gourmand"
"gourmets","gourmet"
"gout","goût"
"gouts","goûts"
"goutte","gouttes"
"gouvernant","gouvernante"
"gouvernementale","gouvernementales"
"gouvernes","gouverne"
"goûters","goûter"
"gradients","gradient"
"graisse","graisses"
"graisseur","graisseurs"
"granite","granit"
"granulé","granulés"
"graphe","graphes"
"graphistes","graphiste"
"gratuite","gratuit"
"gratuits","gratuit"
"graver","gravage"
"graveurs","graveur"
"graveuse","graveur"
"gravière","gravier"
"grecques","grecque"
"greffière","greffier"
"grenaille","grenailleuse"
"griffes","griffe"
"grillade","grillades"
"grillages","grillage"
"groupages","groupage"
"grutière","grutier"
"grèves","grève"
"gu","gü"
"gueret","guéret"
"guichetière","guichetier"
"guindeau","guindeaux"
"guinee","guinée"
"gustatif","gustatifs"
"gymnases","gymnase"
"gynécologue","gynécologues"
"gyroscopes","gyroscope"
"gâteau","gâteaux"
"gène","gènes"
"gélule","gélules"
"géluleuse","gélule"
"génomes","génome"
"génotype","génotypes"
"généralisé","généraliser"
"généralisée","généralisées"
"génératrice","générateur"
"génératrices","génératrice"
"généticienne","généticien"
"géographes","géographe"
"géologues","géologue"
"géomètres","géomètre"
"géopolitiques","géopolitique"
"géothermiques","géothermique"
"gérante","gérant"
"gîte","gîtes"
"habilitation","habilitations"
"habille","habilleuse"
"habilleur","habilleuse"
"habitacles","habitacle"
"habituel","habituels"
"habituée","habitué"
"hacheurs","hacheur"
"haché","hachés"
"hameau","hameaux"
"hanches","hanche"
"handicape","handicapes"
"handicapé","handicapées"
"handicapée","handicapé"
"handicapées","handicapés"
"hangars","hangar"
"hanoi","hanoï"
"haricot","haricots"
"harmonique","harmoniques"
"hauban","haubans"
"hediard","hédiard"
"herbicide","herbicides"
"hercules","hercule"
"hermes","hermès"
"hermétique","hermétiques"
"hertziennes","hertzienne"
"heuristique","heuristiques"
"hippique","hippiques"
"hippodromes","hippodrome"
"hispaniques","hispanique"
"hollandaise","hollandais"
"hollandaises","hollandaise"
"homogènes","homogène"
"hongroise","hongrois"
"honore","honoré"
"honorée","honoré"
"hopital","hôpital"
"hopitaux","hôpitaux"
"horlogers","horloger"
"hormonale","hormonal"
"hormone","hormones"
"hostiles","hostile"
"hotel","hôtel"
"hotellerie","hotêllerie"
"hotesse","hôtesse"
"hotte","hottes"
"houillères","houillère"
"housse","housses"
"hublot","hublots"
"huileuse","huileuses"
"huissiers","huissier"
"huissière","huissier"
"huitres","huîtres"
"hydrate","hydrates"
"hydraulicienne","hydraulicien"
"hydriques","hydrique"
"hydro-électriques","hydro-électrique"
"hydrostatique","hydrostatiques"
"hygiéniques","hygiénique"
"hyperion","hypérion"
"hypermarche","hypermarché"
"hypermarché","hypermarchés"
"hypothèse","hypothèses"
"hère","hères"
"hébergeant","hébergeur"
"héberger","hébergé"
"hébergé","hébergeur"
"hébergées","hébergée"
"hébergés","hébergée"
"hélices","hélice"
"héliporté","héliportés"
"hépatiques","hépatique"
"hépatites","hépatite"
"iberica","ibérica"
"ibériques","ibérique"
"identifié","identifiés"
"ieseg","iéseg"
"iles","îles"
"illumination","illuminations"
"illustrant","illustrer"
"illustrateur","illustrateurs"
"illustratrice","illustrateur"
"illustrer","illustration"
"ilots","îlots"
"imageurs","imageur"
"immatériels","immatériel"
"immobilier","immobilière"
"immobilisé","immobilisée"
"immobilisés","immobilisée"
"immunitaires","immunitaire"
"immunités","immunité"
"immunologiques","immunologique"
"immédiats","immédiat"
"imparti","impartis"
"impayé","impayés"
"implantable","implantables"
"implantée","implanté"
"implantées","implanté"
"impliquée","impliqué"
"imprimeuse","imprimeur"
"imprégné","imprégner"
"imprégnés","imprégné"
"imprévu","imprévus"
"imputations","imputation"
"inactif","inactifs"
"inaptitudes","inaptitude"
"inaugurations","inauguration"
"incertains","incertain"
"incertitude","incertitudes"
"incidences","incidence"
"incitation","incitations"
"inclinés","incliné"
"incohérence","incohérences"
"incompressibles","incompressible"
"indemniser","indemnisation"
"indemnité","indemnités"
"indiqués","indiqué"
"indisponibilités","indisponibilité"
"individualisés","individualisé"
"inductifs","inductif"
"inductive","inductif"
"induite","induit"
"induites","induite"
"indéterminé","indéterminée"
"ineo","inéo"
"inertiel","inertiels"
"inertielles","inertielle"
"inertiels","inertielle"
"inexcusable","inexcusables"
"inexistante","inexistant"
"infantiles","infantile"
"infectieuse","infectieuses"
"inferieur","inférieur"
"infiltrations","infiltration"
"infirmière","infirmier"
"influenceur","influencer"
"informaticienne","informaticien"
"informels","informel"
"infusions","infusion"
"ingenieur","ingénieur"
"ingenieurs","ingénieurs"
"ingerop","ingérop"
"ingénieure","ingénieur"
"inhibiteur","inhibiteurs"
"inhibitrice","inhibiteur"
"inhibitrices","inhibitrice"
"inhumer","inhumation"
"inhérent","inhérente"
"inhérente","inhérents"
"inhérentes","inhérents"
"initiatrice","initiateur"
"injectable","injectables"
"injecteur","injecteurs"
"injecté","injectées"
"injectée","injecté"
"injectés","injecté"
"injonction","injonctions"
"innothera","innothéra"
"inondable","inondables"
"inondation","inondations"
"inorganique","inorganiques"
"inoxydables","inoxydable"
"insatisfactions","insatisfaction"
"insert","inserts"
"insoluble","insolubles"
"inspectrice","inspecteur"
"inspectés","inspecté"
"inspirant","inspirer"
"inspiration","inspirer"
"inspirent","inspirer"
"inspiré","inspirée"
"instabilité","instabilités"
"installatrice","installateur"
"instants","instant"
"instaurant","instaurer"
"instaurer","instauration"
"institutrice","instituteur"
"instructrice","instructeur"
"insuffisante","insuffisant"
"insulaires","insulaire"
"inte","inté"
"intendante","intendant"
"intensifs","intensif"
"intensités","intensité"
"interactives","intéractives"
"interceptrice","intercepteur"
"intercommunal","intercommunale"
"intercommunaux","intercommunal"
"interculturelle","interculturel"
"interculturels","interculturel"
"interdépendance","interdépendances"
"interet","interêt"
"interets","interêts"
"interfacé","interfacer"
"interférence","interférences"
"interim","intérim"
"interimaires","intérimaires"
"intermittent","intermittents"
"internes","interne"
"interrupteur","interrupteurs"
"intervalles","intervalle"
"interview","interviews"
"interêts","intérets"
"intestinal","intestinale"
"intranets","intranet"
"intrusions","intrusion"
"intuitif","intuitive"
"intégrations","intégration"
"intégratrice","intégrateur"
"intéressantes","intéressante"
"intéressants","intéressant"
"intéressements","intéressement"
"intéresser","intéressant"
"intéressée","intéressé"
"inventive","inventif"
"inversement","inverser"
"inverseurs","inverseur"
"inversions","inversion"
"inversé","inversée"
"investie","investi"
"investigateur","investigateurs"
"investissement","investissements"
"investisseur","investisseurs"
"invitation","invitations"
"invitée","invité"
"invitées","invitée"
"inédits","inédit"
"ionisant","ionisants"
"iranienne","iranien"
"iraniens","iranien"
"irlandaise","irlandais"
"iseries","iséries"
"isolante","isolantes"
"isolantes","isolant"
"isolateur","isolateurs"
"isolés","isolé"
"isométrique","isométriques"
"isotopiques","isotopique"
"itinérante","itinérant"
"jalon","jalons"
"jambons","jambon"
"japonaises","japonaise"
"jardineries","jardinerie"
"jardiniers","jardinier"
"jardinière","jardinier"
"jauges","jauge"
"jetable","jetables"
"joaillière","joaillier"
"joint-ventures","joint-venture"
"jointe","jointes"
"joli","jolie"
"jonctions","jonction"
"jongleur","jongle"
"joueuse","joueur"
"journaliers","journalier"
"journalière","journalier"
"joystick","joysticks"
"juges","juge"
"jurisprudences","jurisprudence"
"jurys","jury"
"justifications","justification"
"kaizen","kaïzen"
"kakemono","kakémono"
"karate","karaté"
"kelio","kélio"
"kenitra","kénitra"
"keolis","kéolis"
"kilomètre","kilomètres"
"kinases","kinase"
"kinés","kiné"
"klepierre","klépierre"
"kone","koné"
"labels","label"
"laborantine","laborantin"
"labour","laboure"
"laboure","labouré"
"lactique","lactiques"
"laisse","laissé"
"laiteries","laiterie"
"laitières","laitière"
"lama","lamas"
"laminaires","laminaire"
"lamine","laminé"
"laminé","laminés"
"lancés","lancé"
"lao","laos"
"lapins","lapin"
"latente","latent"
"latérales","latérale"
"latéraux","latéral"
"lauréate","lauréat"
"laveries","laverie"
"laveur","laveuse"
"laveurs","laveur"
"layers","layer"
"lefevre","lefèvre"
"legionella","légionella"
"lenteur","lente"
"leo","léo"
"leonard","léonard"
"leoni","léoni"
"lessives","lessive"
"lettrages","lettrage"
"leucémies","leucémie"
"levains","levain"
"levures","levure"
"levy","lévy"
"liasse","liasses"
"liberia","libéria"
"libraires","libraire"
"libérale","libéral"
"libérations","libération"
"libératoire","libératoires"
"libérer","libération"
"licenciements","licenciement"
"licenciée","licencié"
"licenciés","licencié"
"lieutenante","lieutenant"
"lignée","lignées"
"linéaires","linéaire"
"liqueur","liqueurs"
"liquidateur","liquidation"
"liquider","liquidateur"
"liquéfiés","liquéfié"
"lissés","lissé"
"listant","lister"
"listeria","listéria"
"litre","litres"
"littorale","littoral"
"littoraux","littoral"
"livreuse","livreur"
"lloyds","lloyd"
"lo","lô"
"localité","localités"
"locatif","locative"
"locomotive","locomotives"
"lofts","loft"
"loge","loges"
"logiciel","logiciels"
"logisticienne","logisticien"
"logos","logo"
"lome","lôme"
"longitudinale","longitudinal"
"lotissements","lotissement"
"loue","loué"
"loueuse","loueur"
"loués","loué"
"luberon","lubéron"
"luce","lucé"
"lues","lue"
"luminaire","luminaires"
"lunes","lune"
"luthier","luthière"
"luxembourgeoises","luxembourgeoise"
"lycee","lycée"
"lycée","lyçée"
"lycéen","lycéens"
"lycéenne","lycéen"
"lymphome","lymphomes"
"législative","législatives"
"macaron","macarons"
"mache","mâche"
"machinistes","machiniste"
"macros","macro"
"magasines","magasine"
"magasinière","magasinier"
"magasins","magasin"
"magazines","magazine"
"magelis","magélis"
"maghrébine","maghrébines"
"magique","magiques"
"magistral","magistraux"
"magistrate","magistrat"
"magnetisme","magnétisme"
"magnétoscopes","magnétoscope"
"maia","maïa"
"mailings","mailing"
"maillons","maillon"
"maillots","maillot"
"mails","mail"
"maintenue","maintenu"
"maitre","maître"
"maitres","maîtres"
"maitrisant","maîtrisant"
"maitrise","maîtrise"
"maitrises","maîtrises"
"malgaches","malgache"
"malien","maliens"
"malienne","maliens"
"mammifère","mammifères"
"mandant","mandants"
"manettes","manette"
"manga","mangas"
"manganese","manganèse"
"mangues","mangue"
"manipulatrice","manipulateur"
"manufacturers","manufacturer"
"maquilleurs","maquilleur"
"maquilleuse","maquilleur"
"marathons","marathon"
"maraîcher","maraîchage"
"maraîchers","maraîcher"
"marchandiseuse","marchandiseur"
"marchands","marchand"
"marchant","marcher"
"marchés","marché"
"maree","marée"
"mares","mare"
"margarines","margarine"
"marges","marge"
"mariage","mariages"
"marinade","marinades"
"mariniers","marinier"
"marinière","marinier"
"marionnette","marionnettes"
"maris","mari"
"marketing","markéting"
"marketings","marketing"
"maroquinière","maroquinier"
"marquant","marquante"
"marques","marque"
"marquis","marquise"
"marseillaise","marseillais"
"marteaux","marteau"
"martial","martiaux"
"martiniquaises","martiniquaise"
"masculine","masculin"
"masculins","masculin"
"masquages","masquage"
"massages","massage"
"mastere","mastère"
"mastics","mastic"
"maternel","maternelle"
"math","maths"
"mathe","mathé"
"mathématique","mathématiques"
"matinée","matinées"
"matters","matter"
"maure","maures"
"mauvais","mauvaise"
"maximisation","maximiser"
"mayonnaises","mayonnaise"
"maçonne","maçon"
"maçonner","maçonnage"
"maçons","maçon"
"maîtrisée","maîtrisé"
"mecaplast","mécaplast"
"mediane","médiane"
"medica","médica"
"medication","médication"
"medicine","médicine"
"medico-social","médico-social"
"medina","médina"
"mediterranee","méditerranée"
"meetings","meeting"
"mehari","méhari"
"melons","melon"
"membranaires","membranaire"
"membrane","membranes"
"memorandum","mémorandum"
"menard","ménard"
"mensuelle","mensuel"
"mensuelles","mensuel"
"mensuels","mensuel"
"mentalité","mentalités"
"menu","menus"
"menuisière","menuisier"
"mercié","mercier"
"mercuriale","mercuriales"
"merial","mérial"
"mery","méry"
"mesurable","mesurables"
"mesuré","mesurés"
"mesurées","mesurée"
"mesurés","mesurée"
"meta","méta"
"meta4","méta4"
"metaphase","métaphase"
"meteor","météor"
"methodique","méthodique"
"metreur","métreur"
"metteuse","metteur"
"meuleuse","meule"
"mexico","méxico"
"micro-onde","micro-ondes"
"microbiennes","microbienne"
"microphones","microphone"
"microprocesseurs","microprocesseur"
"microscopies","microscopie"
"microscopiques","microscopique"
"microstructures","microstructure"
"millenium","millénium"
"milliard","milliards"
"millimétriques","millimétrique"
"million","millions"
"miniatures","miniature"
"minibar","minibars"
"minime","minimes"
"minimisation","minimiser"
"ministérielle","ministériel"
"minoritaires","minoritaire"
"minutieuse","minutie"
"miroirs","miroir"
"miser","misant"
"missile","missiles"
"missions","mission"
"mixer","mixage"
"mobilisant","mobiliser"
"mobilisateur","mobiliser"
"mobilise","mobilisé"
"mobilisé","mobiliser"
"mobilisés","mobilisé"
"modeleuse","modeleur"
"modems","modem"
"modestes","modeste"
"modifiées","modifiée"
"modulateur","modulateurs"
"module","modules"
"modélisée","modélisé"
"modélisées","modélisée"
"modérer","modération"
"moissons","moisson"
"mole","môle"
"moleculaire","moléculaire"
"molle","molles"
"moléculaires","moléculaire"
"mondelez","mondelèz"
"monitrice","moniteur"
"monoclonal","monoclonaux"
"monocylindre","monocylindres"
"monographie","monographies"
"monopoles","monopole"
"montante","montantes"
"monte-charges","monte-charge"
"monteuse","monteur"
"montrant","montrer"
"montré","montrer"
"monture","montures"
"moquettes","moquette"
"moratoire","moratoires"
"morceau","morceaux"
"mortiers","mortier"
"mortuaire","mortuaires"
"motarde","motard"
"motards","motard"
"motivant","motiver"
"motivante","motivant"
"motivants","motivant"
"motivee","motivée"
"motivée","motivé"
"mouleuse","mouleur"
"moulée","moulées"
"moulés","moulé"
"mous","mouse"
"mousquetaire","mousquetaires"
"moutarde","moutardes"
"moutons","mouton"
"mouvant","mouvants"
"moyeux","moyeu"
"mozaik","mozaïk"
"mueslis","muesli"
"muffin","muffins"
"multicellulaires","multicellulaire"
"multicouche","multicouches"
"multiculturelle","multiculturelles"
"multiculturelles","multiculturel"
"multiculturels","multiculturel"
"multidimensionnel","multidimensionnels"
"multidimensionnelles","multidimensionnelle"
"multidimensionnels","multidimensionnelle"
"multidisciplinaire","multidisciplinaires"
"multifonctionnel","multifonctionnelle"
"multiplexe","multiplexé"
"multiplexeur","multiplexés"
"multiplexé","multiplexés"
"multiplicateur","multiplicateurs"
"multiplier","multiplié"
"multipliée","multiplié"
"multipliés","multiplié"
"multirisque","multirisques"
"multitâches","multitâche"
"municipalités","municipalité"
"mural","muraux"
"murins","murin"
"musee","muse"
"museum","muséum"
"musicienne","musicien"
"musiciens","musicien"
"mutant","mutants"
"muter","muté"
"mutualite","mutualité"
"mutuelles","mutuelle"
"mystères","mystère"
"mâchefer","mâchefers"
"mécanicienne","mécanicien"
"mécanos","mécano"
"mécène","mécènes"
"mécénats","mécénat"
"médaillée","médaillé"
"médiateurs","médiateur"
"médiatrice","médiateur"
"médicamenteuse","médicamenteuses"
"médico-sociaux","médico-social"
"méditerranéenne","méditerranéen"
"méditerranéennes","méditerranéenne"
"méditerranéens","méditerranéen"
"médiéval","médiévale"
"médiévaux","médiéval"
"mémo","mémos"
"mémorandums","mémorandum"
"ménagère","ménagères"
"métabolique","métaboliques"
"métabolismes","métabolisme"
"méthodistes","méthodiste"
"métreuse","métreur"
"métros","métro"
"nage","nageur"
"nager","nagement"
"nageurs","nageur"
"nageuse","nageur"
"naissant","naissante"
"nanotechnologie","nanotechnologies"
"nantaises","nantaise"
"nantissement","nantissements"
"nappages","nappage"
"natal","natale"
"native","natif"
"naturaliser","naturalisation"
"navigatrice","navigateur"
"negocia","négocia"
"neo","néo"
"neocase","néocase"
"neolane","néolane"
"nettes","nette"
"nettoyeuse","nettoyeur"
"nettoyé","nettoyés"
"neurologiques","neurologique"
"neuronal","neuronale"
"neuronaux","neuronale"
"neuroscience","neurosciences"
"neutrino","neutrinos"
"neutron","neutrons"
"nids","nid"
"nieur","niéur"
"nigeria","nigéria"
"nil","nile"
"nitrate","nitrates"
"niéur","nie"
"nocifs","nocif"
"noel","noël"
"nominale","nominal"
"nominatives","nominative"
"nord-américains","nord-américain"
"normatif","normative"
"notaire","notaires"
"notifications","notification"
"notifié","notifiés"
"novateurs","novateur"
"nuages","nuage"
"numericable","numéricâble"
"numéricâble","numéricable"
"numérisé","numérisés"
"numérisée","numérisé"
"nutritionnel","nutritionnelle"
"nutritionnelles","nutritionnelle"
"nutritionnistes","nutritionniste"
"négociante","négociant"
"négociations","négociation"
"négociatrice","négociateur"
"négocier","négociation"
"négocié","négociés"
"négociée","négociées"
"négociées","négociés"
"néon","néons"
"objection","objections"
"obligataire","obligataires"
"oblige","obligé"
"observatrice","observateur"
"observe","observé"
"observé","observée"
"observée","observés"
"obsolescences","obsolescence"
"obsolète","obsolètes"
"obstacle","obstacles"
"obèse","obèses"
"occurrences","occurrence"
"oceane","océane"
"offerte","offert"
"officines","officine"
"officière","officier"
"offre","offres"
"offshores","offshore"
"oignon","oignons"
"oil","oïl"
"olives","olive"
"olympiade","olympiades"
"olympiques","olympique"
"ombilical","ombilicaux"
"ombre","ombres"
"onc","once"
"oncologue","oncologues"
"onde","ondes"
"ondulés","ondulé"
"operatoires","opératoires"
"opercule","opercules"
"ophtalmiques","ophtalmique"
"oppositions","opposition"
"opticienne","opticien"
"optimisant","optimisation"
"optimiser","optimisation"
"optionnelles","optionnelle"
"opératrice","opérateur"
"orages","orage"
"orales","orale"
"orbitale","orbital"
"orbitales","orbital"
"orchestrer","orchestration"
"ordonnancements","ordonnancement"
"ordonnances","ordonnance"
"ordonner","ordonné"
"ordonnée","ordonné"
"organigrammes","organigramme"
"organisatrice","organisateur"
"organisee","organisée"
"organisée","organisé"
"organométalliques","organométallique"
"orientales","orientale"
"orientée","orienté"
"ornement","orner"
"ornemente","ornement"
"orphelinats","orphelinat"
"orthographique","orthographiques"
"oscillateurs","oscillateur"
"oscillation","oscillations"
"oscilloscopes","oscilloscope"
"oseo","oséo"
"osez","oser"
"osons","oser"
"ossatures","ossature"
"osseuses","osseuse"
"ouvrant","ouvrants"
"ouvreuse","ouvreur"
"ouvrière","ouvrier"
"ovin","ovins"
"ovine","ovin"
"oxydations","oxydation"
"oxyde","oxydes"
"packagings","packaging"
"pactes","pacte"
"paies","paie"
"paillasses","paillasse"
"palaces","palace"
"palan","palans"
"palefrenière","palefrenier"
"palets","palet"
"paliers","palier"
"palliant","pallier"
"palonnier","palonniers"
"panoplie","panoplies"
"pantheon","panthéon"
"pantographe","pantographes"
"pané","panés"
"papetier","papetière"
"paquebots","paquebot"
"parachutes","parachute"
"parachutiste","parachutistes"
"paradise","paradis"
"paraffines","paraffine"
"paramétriques","paramétrique"
"parascolaire","parascolaires"
"parasite","parasites"
"paratonnerres","paratonnerre"
"parcellaire","parcellaires"
"pare-brises","pare-brise"
"pare-feux","pare-feu"
"parements","parement"
"parentaux","parental"
"pares","pare"
"pareur","pareuse"
"parfumeur","parfumeurs"
"paritaires","paritaire"
"parlée","parlées"
"parlées","parlé"
"parlés","parlé"
"parpaing","parpaings"
"parquets","parquet"
"parrainages","parrainage"
"partageant","partager"
"participations","participation"
"participatives","participative"
"partitions","partition"
"parue","paru"
"parures","parure"
"parus","paru"
"parution","parutions"
"passations","passation"
"passionnée","passionné"
"pasteurisés","pasteurisé"
"patents","patent"
"pates","pâtés"
"pathogène","pathogènes"
"patin","patins"
"patineur","patineuse"
"patisserie","pâtisserie"
"patisseries","pâtisseries"
"patissier","pâtissier"
"patrimonial","patrimoniale"
"patronale","patronal"
"patronales","patronal"
"patronaux","patronal"
"pattern","patterns"
"pauses","pause"
"pavage","pavages"
"pavillons","pavillon"
"payes","paye"
"paysans","paysan"
"payé","payer"
"peche","pèche"
"pechiney","péchiney"
"peines","peine"
"peints","peint"
"pekin","pékin"
"pelican","pélican"
"pensions","pension"
"pepito","pépito"
"peptide","peptides"
"percussion","percussions"
"pere","père"
"perfusions","perfusion"
"perimetre","perimètre"
"perisse","périsse"
"permises","permise"
"perou","pérou"
"peroxydes","peroxyde"
"perpétuelle","perpétuel"
"perruquier","perruquière"
"persee","perse"
"persuade","persuadé"
"persuadé","persuadée"
"persévérante","persévérant"
"pertinent","pertinente"
"pertinente","pertinentes"
"perturbé","perturbés"
"perçus","perçu"
"petit-déjeuners","petit-déjeuner"
"petri","pétri"
"petrochimie","pétrochimie"
"peuple","peuples"
"peupliers","peuplier"
"pharmacienne","pharmacien"
"pharmacologique","pharmacologiques"
"pharmacopées","pharmacopée"
"phenix","phénix"
"phenotype","phénotype"
"phones","phone"
"phoniques","phonique"
"phosphates","phosphate"
"photocopie","photocopieur"
"photograveurs","photograveur"
"photomontages","photomontage"
"photoniques","photonique"
"photons","photon"
"photovoltaique","photovoltaïque"
"phréatique","phréatiques"
"physicienne","physicien"
"physiciens","physicien"
"pieu","pieux"
"pigeons","pigeon"
"piges","pige"
"pigiste","pigistes"
"pigmentaires","pigmentaire"
"pignon","pignons"
"piles","pile"
"pilotee","pilotée"
"piment","piments"
"pionnière","pionnier"
"piqueuse","piqueur"
"piston","pistons"
"pitchs","pitch"
"pixel","pixels"
"pizzaiolo","pizzaïolo"
"pizzas","pizza"
"pizzeria","pizzéria"
"piétonne","piéton"
"piétonnes","piétonne"
"placoplatre","placoplâtre"
"plafond","plafonds"
"plaidoiries","plaidoirie"
"planes","plane"
"planeurs","planeur"
"planifié","planifiés"
"plannings","planning"
"plans","plan"
"plantaires","plantaire"
"planteur","planteuse"
"plaqué","plaqués"
"plasticien","plasticienne"
"pleiade","pléiade"
"pleiades","pléiades"
"pleiades+comfie","pléiades+comfie"
"plieur","plieuse"
"plieuses","plieuse"
"plinthe","plinthes"
"plombière","plombier"
"plonger","plongé"
"plongeuse","plongeur"
"pluriannuel","pluriannuels"
"pluriannuelle","pluriannuels"
"pluridisciplinaire","pluridisciplinaires"
"plus-values","plus-value"
"pluvial","pluviales"
"pluviale","pluvial"
"plâtrière","plâtrier"
"pléiade","pléiades"
"pléiades","pleïades"
"plénière","plénières"
"pochette","pochettes"
"pointages","pointage"
"pointeur","pointeuse"
"pointue","pointues"
"poinçons","poinçon"
"poire","poires"
"poires","pois"
"poissonneries","poissonnerie"
"poissonnière","poissonnier"
"poivres","poivre"
"poka-yoke","poka-yoké"
"pol","pôl"
"polaires","polaire"
"polars","polar"
"policier","policiers"
"policière","policier"
"polisseur","polisseuse"
"politecnico","politécnico"
"polluant","polluants"
"polluante","polluantes"
"polluantes","polluants"
"pollué","polluées"
"polluée","polluées"
"polyamides","polyamide"
"polycultures","polyculture"
"polymère","polymères"
"polytechnicien","polytechniciens"
"polyuréthanes","polyuréthane"
"polyvalente","polyvalent"
"pomme","pommes"
"pompière","pompier"
"pondérales","pondérale"
"pondérations","pondération"
"pondérés","pondéré"
"ponton","pontons"
"porcelaines","porcelaine"
"porcelets","porcelet"
"porcine","porcin"
"porcines","porcin"
"porcins","porcin"
"portefeuilles","portefeuille"
"portion","portions"
"portière","portier"
"portraits","portrait"
"portugaise","portugais"
"portugaises","portugaise"
"poseuse","poseur"
"positionne","positionné"
"positionneurs","positionneur"
"positionnées","positionnée"
"posters","poster"
"postée","posté"
"postées","posté"
"postés","posté"
"posée","posé"
"posés","posé"
"pot","pots"
"potagers","potager"
"potentiomètre","potentiomètres"
"poubelle","poubelles"
"poulets","poulet"
"poulie","poulies"
"poursuivie","poursuivi"
"poussent","pousser"
"pousses","pousse"
"pousseurs","pousseur"
"poussière","poussières"
"poussoir","poussoirs"
"poutre","poutres"
"poutrelle","poutrelles"
"poésie","poésies"
"poêles","poêle"
"practice","practices"
"pragmatiques","pragmatique"
"prairies","prairie"
"pratiquée","pratiqué"
"pratiquées","pratiqué"
"precipitation","précipitation"
"precommissioning","précommissioning"
"prelude","prélude"
"prepa","prépa"
"preparatoire","préparatoire"
"preparatoires","préparatoires"
"prepares","préparés"
"presseuse","presseur"
"pressurisé","pressurisés"
"pressé","pressée"
"pressées","pressée"
"pressés","pressée"
"prestiges","prestige"
"preventif","préventif"
"prevision","prévision"
"prevoyance","prévoyance"
"primeur","primeurs"
"primée","primé"
"primés","primé"
"princess","princes"
"prisons","prison"
"privilégier","privilégiant"
"privilégiée","privilégié"
"privilégiées","privilégiée"
"proactif","proactive"
"probabilité","probabilités"
"probes","probe"
"problème","problèmes"
"proce","procé"
"procedes","procedés"
"procedés","procèdes"
"processeurs","processeur"
"procureure","procureur"
"procédurales","procédurale"
"productrice","producteur"
"professeure","professeur"
"profileur","profiler"
"profitables","profitable"
"profits","profit"
"programmatrice","programmateur"
"programmeuse","programmeur"
"progresse","progressé"
"projetée","projeté"
"prolongations","prolongation"
"promenades","promenade"
"promeo","proméo"
"promesse","promesses"
"promodes","promodès"
"promos","promo"
"propergols","propergol"
"propices","propice"
"proportionnelle","proportionnel"
"propositions","proposition"
"propulseurs","propulseur"
"prospecte","prospecté"
"prospectifs","prospectif"
"prospectrice","prospecteur"
"prospecté","prospectés"
"protecteur","protecteurs"
"proteines","protéinés"
"proteus","protéus"
"proteuse","proteus"
"prothèses","prothèse"
"protocolaire","protocolaires"
"protons","proton"
"protéine","protéines"
"protéiques","protéique"
"prouvée","prouvé"
"prouvées","prouvée"
"provençal","provençale"
"providers","provider"
"provincial","provinciale"
"proviseure","proviseur"
"provision","provisions"
"provisionnement","provisionner"
"prud'homme","prud'hommes"
"prune","prunes"
"précaution","précautions"
"précieuses","précieuse"
"prédictions","prédiction"
"prédictives","prédictive"
"préfabriqué","préfabriquées"
"préfabriquée","préfabriqué"
"préfectorales","préfectorale"
"préfectures","préfecture"
"préférentiel","préférentielle"
"préférentielle","préférentiels"
"préhenseur","préhenseurs"
"préjudice","préjudices"
"prénom","prénoms"
"préoccupation","préoccupations"
"préparatoires","préparatoire"
"préparatrice","préparateur"
"présentateurs","présentateur"
"présentatrice","présentateur"
"présidente","président"
"présidentiel","présidentielle"
"présidentielles","présidentielle"
"présélections","présélection"
"préventions","prévention"
"prévoyances","prévoyance"
"psychiques","psychique"
"psychologues","psychologue"
"publie","publié"
"publiés","publié"
"pubs","pub"
"pulmonaires","pulmonaire"
"pulpes","pulpe"
"pupitreuse","pupitreur"
"purifications","purification"
"purifié","purifiée"
"purée","purées"
"puzzles","puzzle"
"puéricultrices","puéricultrice"
"pyromètres","pyromètre"
"pâtisseries","pâtisserie"
"pâtissière","pâtissier"
"pâtés","pâté"
"pédaliers","pédalier"
"pédestres","pédestre"
"pédiatre","pédiatres"
"pédiatriques","pédiatrique"
"pénale","pénal"
"pénalité","pénalités"
"pénuries","pénurie"
"périodicités","périodicité"
"péruvienne","péruvien"
"péruviens","péruvien"
"pétrochimiques","pétrochimique"
"quadrant","quadrants"
"quantifiant","quantifier"
"quantiques","quantique"
"quincaillier","quincailliers"
"quitte","quitté"
"quitter","quitté"
"raccorde","raccord"
"raccordée","raccordé"
"raccordées","raccordée"
"raccordés","raccordé"
"rachats","rachat"
"rachetée","racheté"
"racine","racines"
"racks","rack"
"racleurs","racleur"
"rades","radès"
"radial","radiale"
"radiales","radiale"
"radiants","radiant"
"radiateur","radiateurs"
"radiaux","radial"
"radical","radicaux"
"radiers","radier"
"radiographique","radiographiques"
"radiologues","radiologue"
"radiophoniques","radiophonique"
"radés","radès"
"raffiné","raffinés"
"rafraichir","rafraîchir"
"rafraichissement","rafraîchissement"
"raideurs","raideur"
"raids","raid"
"railways","railway"
"raisins","raisin"
"rallyes","rallye"
"ramasseuse","ramasseur"
"ramener","ramené"
"randonne","randonneur"
"randonner","randonné"
"randonneur","randonné"
"randonnées","randonnée"
"raphael","raphaël"
"rapporteurs","rapporteur"
"rapportés","rapporté"
"rapprochements","rapprochement"
"rassurant","rassurer"
"rates","rate"
"rationalisant","rationaliser"
"rationalise","rationalisé"
"rationalisé","rationalisés"
"rationalisés","rationaliser"
"rats","rat"
"rattachée","rattaché"
"rattraper","rattrapage"
"rattrapé","rattraper"
"ravaleuse","ravaleur"
"ravie","ravi"
"rayonnants","rayonnant"
"rayonnée","rayonné"
"rayonnés","rayonné"
"re-engineering","ré-engineering"
"realise","realisé"
"rebond","rebonds"
"recalages","recalage"
"recentrer","recentrage"
"reception","récéption"
"receveur","receveuse"
"rechanges","rechange"
"rechargeable","rechargeables"
"recharges","recharge"
"reclassements","reclassement"
"recombinante","recombinant"
"recombinants","recombinant"
"recommandés","recommandé"
"reconciliation","réconciliation"
"recrutements","recrutement"
"recrutée","recrutées"
"rectorats","rectorat"
"recyclée","recyclées"
"reda","réda"
"redaction","rédaction"
"redevances","redevance"
"redondances","redondance"
"redondante","redondantes"
"redondantes","redondant"
"redondants","redondant"
"redresseurs","redresseur"
"redéfinissant","redéfinir"
"refinancements","refinancement"
"refléter","reflétant"
"reformer","reformeur"
"reformeur","reformage"
"reformulations","reformulation"
"refroidisseur","refroidisseurs"
"refs","réfs"
"reg","rég"
"regiment","régiment"
"regis","régis"
"rehausse","réhausse"
"relances","relance"
"relationnelles","relationnelle"
"releveurs","releveur"
"relevée","relevées"
"relie","relieur"
"religions","religion"
"relèvements","relèvement"
"remboursable","remboursables"
"remboursements","remboursement"
"remboursé","remboursés"
"remonté","remontée"
"remontés","remonté"
"remorqueurs","remorqueur"
"remparts","rempart"
"remplaçante","remplaçant"
"remplie","remplies"
"remportés","remporté"
"remède","remèdes"
"rencontrent","rencontrer"
"rene","rené"
"rennais","rennaise"
"renouvelable","renouvelables"
"renouvelée","renouvelé"
"renouvelées","renouvelée"
"renove","rénovés"
"rentables","rentable"
"rentre","rentré"
"renée","rené"
"renégociations","renégociation"
"reparties","réparties"
"repartis","répartis"
"repasser","repassage"
"repasseur","repasseuse"
"replication","réplication"
"reports","report"
"repositionner","repositionnement"
"repousser","repoussage"
"reprend","reprends"
"repreneurs","repreneur"
"reproductibles","reproductible"
"reptiles","reptile"
"republique","république"
"repéré","repérée"
"reso","réso"
"resonance","résonance"
"respect","respectés"
"respectant","respecter"
"respecte","respect"
"respectent","respecter"
"respectif","respectifs"
"respects","respect"
"respecté","respectés"
"respectée","respectées"
"respectées","respectés"
"responsabilisant","responsabiliser"
"responsabiliser","responsabilisation"
"restauratrice","restaurateur"
"restaurer","restauration"
"resto","restos"
"restructure","restructuré"
"restructuré","restructurer"
"retenu","retenus"
"retoucheur","retoucheuse"
"retourner","retournement"
"retourneur","retourne"
"retourné","retournés"
"retraites","retraite"
"retrouvée","retrouvé"
"reunies","réunies"
"revendication","revendications"
"reviseur","réviseur"
"revues","revue"
"revus","revu"
"revêtus","revêtu"
"rez","reze"
"rhabilleur","rhabilleuse"
"rhinoceros","rhinocéros"
"rhodanien","rhodanienne"
"rhums","rhum"
"rideau","rideaux"
"ries","riés"
"risers","riser"
"risque","risques"
"rituel","rituels"
"rivage","river"
"rivages","rivage"
"riverain","riverains"
"rives","rive"
"ro","rô"
"robe","robes"
"robinetteries","robinetterie"
"robustes","robuste"
"rollers","roller"
"romaine","romain"
"roman","romans"
"rompue","rompu"
"roque","roques"
"rosée","rosé"
"rotors","rotor"
"rotule","rotules"
"roulantes","roulante"
"roumains","roumain"
"router","routeur"
"routers","router"
"routeur","routeurs"
"roye","roy"
"ruches","ruche"
"ruines","ruine"
"ruptures","rupture"
"râtelier","râteliers"
"réactionnel","réactionnels"
"réactualisé","réactualiser"
"réalisatrice","réalisateur"
"réanimateurs","réanimateur"
"récapitulatifs","récapitulatif"
"récepteurs","récepteur"
"réceptive","réceptif"
"réchauffeur","réchauffeurs"
"récipient","récipients"
"récolté","récoltés"
"récompensant","récompensé"
"récompenser","récompensant"
"récompenses","récompense"
"récompensée","récompensé"
"récompensés","récompensé"
"réconciliations","réconciliation"
"réconcilier","réconciliation"
"récupérateurs","récupérateur"
"récupérée","récupérées"
"récurrences","récurrence"
"rédactionnel","rédactionnelle"
"rédactionnels","rédactionnel"
"rédactions","rédaction"
"rédactrice","rédacteur"
"réducteur","réducteurs"
"réductions","réduction"
"réduits","réduit"
"réexpédition","réexpéditions"
"réfectoires","réfectoire"
"réfléchie","réfléchi"
"réformes","réforme"
"réfrigérant","réfrigérants"
"réfrigérer","réfrigéré"
"réfrigéré","réfrigérants"
"réfrigérée","réfrigérés"
"réfugié","réfugiés"
"référés","référé"
"régate","régates"
"régiments","régiment"
"régions","région"
"régisseuse","régisseur"
"réglementée","réglementées"
"régleuse","régleur"
"régressions","régression"
"régularisations","régularisation"
"régulariser","régularisation"
"régulatrice","régulateur"
"régulée","régulé"
"régulées","régulée"
"réhabilité","réhabilités"
"réimplantations","réimplantation"
"rémunérations","rémunération"
"rémunérée","rémunéré"
"rémunérés","rémunéré"
"rénové","rénovés"
"réorganisations","réorganisation"
"réorganisée","réorganisé"
"réparatrice","réparateur"
"répartie","réparties"
"répartitrice","répartiteur"
"réponds","répond"
"réponses","réponse"
"républicain","républicaine"
"réputés","réputé"
"répétitrice","répétiteur"
"réquisition","réquisitions"
"réseaux","réseau"
"résidentielles","résidentielle"
"résidentiels","résidentiel"
"résiduelle","résiduelles"
"résiliations","résiliation"
"résistante","résistant"
"résistants","résistant"
"résister","résistant"
"résolu","résolus"
"résultante","résultantes"
"rétrocessions","rétrocession"
"rétroviseur","rétroviseurs"
"réutiliser","réutilisation"
"réversibles","réversible"
"révisé","révisés"
"rééducatrice","rééducateur"
"réévaluations","réévaluation"
"rêves","rêve"
"sablières","sablière"
"sabot","sabots"
"sachet","sachets"
"sacrée","sacré"
"saharien","saharienne"
"said","saïd"
"saida","saïda"
"saint-etienne","saint-étienne"
"saisi","saisie"
"saisies","saisie"
"salade","salades"
"salaire","salaires"
"salaisons","salaison"
"salariées","salariée"
"salee","salée"
"salome","salomé"
"salées","salée"
"sanguin","sanguine"
"sante","santé"
"saoudienne","saoudien"
"sapeurs","sapeur"
"sapeuse","sapeur"
"satisfactions","satisfaction"
"satisfaisante","satisfaisant"
"satisfaits","satisfait"
"sauce","sauces"
"saucisse","saucisses"
"saucisson","saucissons"
"saumons","saumon"
"saurais","saurai"
"sauts","saut"
"sauveteuse","sauveteur"
"savante","savantes"
"saveur","saveurs"
"savons","savon"
"sax","saxe"
"scandinave","scandinaves"
"scaphandrière","scaphandrier"
"schemaplic","schémaplic"
"schistes","schiste"
"schématiques","schématique"
"scieur","scieuse"
"scissions","scission"
"scouts","scout"
"sculptrice","sculpteur"
"seau","seaux"
"seche","séché"
"secouristes","secouriste"
"secteurs","secteur"
"securite","securité"
"sees","sées"
"segmenté","segmentée"
"segmentée","segmentés"
"seiche","seiches"
"selenium","sélénium"
"sellière","sellier"
"semestres","semestre"
"semestrielle","semestriel"
"semestriels","semestriel"
"semi-conducteur","semi-conducteurs"
"semi-public","semi-publics"
"semi-remorques","semi-remorque"
"seminaires","séminaires"
"senat","sénat"
"senior","sénior"
"seniors","séniors"
"senseur","senseurs"
"sensibilise","sensibilisé"
"sensibilisés","sensibilisé"
"sephora","séphora"
"sequoia","séquoia"
"serais","serai"
"serruriers","serrurier"
"serrurière","serrurier"
"serrée","serrées"
"serrés","serré"
"servomoteur","servomoteurs"
"sesam-vitale","sésam-vitale"
"sesame","sésame"
"sevres","sèvres"
"shampoings","shampoing"
"shifts","shift"
"shows","show"
"siderurgie","sidérurgie"
"sidérurgies","sidérurgie"
"sidérurgiques","sidérurgique"
"siege","siége"
"signalements","signalement"
"signé","signés"
"signée","signées"
"simulé","simulés"
"sincères","sincère"
"sinistre","sinistres"
"sirops","sirop"
"sites","site"
"situationnelle","situationnel"
"skier","skieur"
"skieur","skieurs"
"socioculturelle","socioculturel"
"sociologiques","sociologique"
"sociétal","sociétaux"
"socket","sockets"
"sodas","soda"
"sogea","sogéa"
"soigne","soigné"
"soigneuse","soigneur"
"soigné","soigner"
"soldat","soldats"
"soldes","solde"
"solidaires","solidaire"
"solidarités","solidarité"
"solubles","soluble"
"sommaires","sommaire"
"sommeliers","sommelier"
"sommelière","sommelier"
"sondeuse","sondeur"
"sonepar","sonépar"
"sortant","sortants"
"sortante","sortantes"
"souche","souches"
"soucieuses","soucieuse"
"soufflantes","soufflante"
"souffle","souffleur"
"souffler","soufflage"
"souffleries","soufflerie"
"souffleuse","souffleur"
"souhaiterai","souhaiterais"
"souligner","soulignant"
"soumissions","soumission"
"soupape","soupapes"
"soupe","soupes"
"souriant","souriante"
"sous-directrice","sous-directeur"
"sous-officiers","sous-officier"
"sous-officière","sous-officier"
"sous-station","sous-stations"
"sous-système","sous-systèmes"
"sous-vêtements","sous-vêtement"
"souscripteurs","souscripteur"
"souscriptrice","souscripteur"
"souscrite","souscrites"
"soutenances","soutenance"
"soutènements","soutènement"
"speakers","speaker"
"specialise","specialisé"
"specialist","spécialist"
"specialite","specialité"
"specialité","spécialité"
"specs","spécs"
"spectrales","spectrale"
"spectres","spectre"
"spectrométries","spectrométrie"
"spectrométrique","spectrométriques"
"spectrophotomètres","spectrophotomètre"
"spectroscopies","spectroscopie"
"spic","spice"
"sponsor","sponsors"
"sponsorings","sponsoring"
"sponsorisée","sponsorisé"
"spontané","spontanés"
"spontanée","spontanées"
"sprinklage","sprinkler"
"sprinklers","sprinkler"
"sprinkleur","sprinkler"
"sprints","sprint"
"spécifiant","spécifier"
"squelettiques","squelettique"
"st-etienne","st-étienne"
"stabilisants","stabilisant"
"stabilisateurs","stabilisateur"
"stabilisées","stabilisée"
"stallergenes","stallergènes"
"standardistes","standardiste"
"stations-service","stations-services"
"statisticienne","statisticien"
"stats","stat"
"statuaire","statuaires"
"statue","statues"
"statutaire","statutaires"
"staubli","staübli"
"steaks","steak"
"stelia","stélia"
"stereo","stéréo"
"steria","stéria"
"sticks","stick"
"stimulante","stimulant"
"stochastique","stochastiques"
"stocké","stockés"
"stockée","stocké"
"strate","straté"
"strict","strictes"
"stricte","strictes"
"stricts","strict"
"structurales","structurale"
"stylo","stylos"
"stérile","stériles"
"stérilisateur","stérilisateurs"
"stérilisé","stérilisés"
"stéréoscopique","stéréoscopiques"
"subdivisions","subdivision"
"submersible","submersibles"
"subordonné","subordonnés"
"subrogations","subrogation"
"substantielle","substantielles"
"substitut","substituts"
"substitute","substitut"
"substrats","substrat"
"subvention","subventions"
"succursale","succursales"
"sucreries","sucrerie"
"sucres","sucrés"
"sucrières","sucrière"
"sucré","sucrée"
"sucrée","sucrés"
"sucrées","sucrée"
"sud-américaines","sud-américaine"
"suede","suéde"
"suggestion","suggestions"
"suiveurs","suiveur"
"suiveuse","suiveuses"
"sulfates","sulfate"
"sulfure","sulfuré"
"sulfuriques","sulfurique"
"sulfuré","sulfures"
"supelec","supélec"
"superficielle","superficielles"
"superieur","supérieur"
"superieure","supérieure"
"superintendants","superintendant"
"superstructures","superstructure"
"suppliers","supplier"
"suppléments","supplément"
"supplétives","supplétive"
"supportées","supportée"
"supraconducteur","supraconducteurs"
"surchauffes","surchauffe"
"surchauffeur","surchauffe"
"surcoût","surcoûts"
"surcroit","surcroît"
"surdosages","surdosage"
"surfeur","surfeurs"
"surgeles","surgelés"
"surgelé","surgelés"
"surgelée","surgelées"
"surgelées","surgelés"
"surmonté","surmonter"
"surpresseur","surpresseurs"
"surveillante","surveillant"
"survenue","survenues"
"susceptible","susceptibles"
"suse","sus"
"suspendu","suspendus"
"suspicions","suspicion"
"suéde","suède"
"symposiums","symposium"
"synchrones","synchrone"
"synchronisés","synchronisé"
"syndical","syndicales"
"syndicale","syndicales"
"syndicaux","syndical"
"syndics","syndic"
"syndiqués","syndiqué"
"syndromes","syndrome"
"synonymes","synonyme"
"synthelabo","synthélabo"
"synthétiseurs","synthétiseur"
"synthétisé","synthétisés"
"syrien","syrienne"
"système","systèmes"
"systématisation","systématiser"
"séchée","séchées"
"sédimentaires","sédimentaire"
"séismes","séisme"
"sélections","sélection"
"séminaire","séminaires"
"sénateur","sénateurs"
"sénégalaise","sénégalais"
"séparateur","séparateurs"
"séparer","séparateur"
"sérums","sérum"
"sévère","sévères"
"sûrs","sûr"
"tableau","tableaux"
"tableurs","tableur"
"taches","tâches"
"tai","taï"
"tailleurs","tailleur"
"tailleuse","tailleur"
"taishan","taïshan"
"taiwan","taïwan"
"talent","talents"
"taleo","taléo"
"tambours","tambour"
"tangentiel","tangentielle"
"tanker","tankers"
"tapissière","tapissier"
"tarte","tartes"
"tassements","tassement"
"taxe","taxes"
"tchèques","tchèque"
"teasers","teaser"
"technicienne","technicien"
"technopole","technopôle"
"tefal","téfal"
"teflon","téflon"
"teinturière","teinturier"
"teleperformance","téléperformance"
"televisions","télévisions"
"temporel","temporelle"
"temporelle","temporelles"
"tempêtes","tempête"
"tenders","tender"
"tendus","tendu"
"teneurs","teneur"
"tentative","tentatives"
"tentures","tenture"
"terminales","terminale"
"termite","termites"
"terrassements","terrassement"
"terrine","terrines"
"terroirs","terroir"
"terroristes","terroriste"
"tertiaires","tertiaire"
"test","tests"
"testeuse","testeur"
"testosterone","testostérone"
"tetras","tétras"
"teva","téva"
"thai","thaï"
"thales","thalès"
"thaïlandais","thaïlandaise"
"themis","thémis"
"theramex","théramex"
"thermiques","thermique"
"thermostats","thermostat"
"thrillers","thriller"
"thérapies","thérapie"
"thés","thé"
"théâtrales","théâtrale"
"tifs","tif"
"till","tille"
"timings","timing"
"timonière","timonier"
"tires","tirés"
"tireur","tireuse"
"tiroirs","tiroir"
"tirés","tiré"
"tisseo","tisséo"
"tisserande","tisserand"
"tisseur","tisseuse"
"tissues","tissue"
"tissés","tissé"
"toboggans","toboggan"
"toiletteuse","toiletteur"
"tolérant","tolérante"
"tomate","tomates"
"tombe","tombé"
"tonnages","tonnage"
"tonneaux","tonneau"
"tonnelière","tonnelier"
"topiques","topique"
"topologies","topologie"
"toques","toque"
"torches","torche"
"torpilles","torpille"
"tourneuse","tourneur"
"tournois","tournoi"
"toxicologiques","toxicologique"
"toxine","toxines"
"traceuse","traceur"
"tract","tracts"
"traducteur","traductrice"
"trams","tram"
"tramways","tramway"
"transatlantiques","transatlantique"
"transbordeurs","transbordeur"
"transférées","transférée"
"transgénique","transgéniques"
"transistor","transistors"
"transitaire","transitaires"
"transitoires","transitoire"
"transnationale","transnational"
"transporteuse","transporteuses"
"traversants","traversant"
"traverses","traverse"
"travée","travées"
"treks","trek"
"trempe","trempé"
"trempeur","trempeuse"
"tresor","trésor"
"trials","trial"
"tribunaux","tribunal"
"tricolores","tricolore"
"tricoter","tricotage"
"tridimensionnels","tridimensionnel"
"trieuse","trieur"
"triggers","trigger"
"trimestres","trimestre"
"trimestriel","trimestriels"
"trimestrielle","trimestriel"
"trimestrielles","trimestriels"
"tripartites","tripartite"
"triphasée","triphasé"
"triphasés","triphasé"
"trips","trip"
"trolley","trolleys"
"tronçons","tronçon"
"trophées","trophée"
"tropicale","tropicales"
"trottoir","trottoirs"
"trucage","trucages"
"truffes","truffe"
"trésoreries","trésorerie"
"trésorière","trésorier"
"tuile","tuiles"
"tuilerie","tuileries"
"tumeur","tumeurs"
"tumorale","tumorales"
"turbocompresseurs","turbocompresseur"
"turboréacteur","turboréacteurs"
"turbulences","turbulence"
"turbulent","turbulents"
"tutorats","tutorat"
"tuyauteries","tuyauterie"
"tuyauteuse","tuyauteur"
"tuyères","tuyère"
"télécabines","télécabine"
"téléchargements","téléchargement"
"télécharger","téléchargement"
"téléconférence","téléconférences"
"téléfilms","téléfilm"
"télématiques","télématique"
"télémètres","télémètre"
"téléphériques","téléphérique"
"télésièges","télésiège"
"téléskis","téléski"
"télévendeur","télévendeuse"
"téléventes","télévente"
"télévisé","télévisée"
"télévisés","télévisé"
"ultimes","ultime"
"ultrasonique","ultrasoniques"
"ultraviolet","ultraviolets"
"unifier","unifié"
"unifié","unifiée"
"unifiées","unifiée"
"uniformiser","uniformisation"
"unilatérale","unilatérales"
"universite","université"
"updates","update"
"urbanistes","urbaniste"
"urinaire","urinaires"
"urines","urine"
"usagée","usagées"
"users","user"
"usines","usine"
"usiné","usinés"
"usinée","usinées"
"usinés","usinées"
"usuelle","usuel"
"usuelles","usuel"
"usé","usés"
"usés","usée"
"vacation","vacations"
"vaccin","vaccins"
"vaccine","vaccines"
"valentine","valentin"
"validations","validation"
"vallees","vallées"
"vallons","vallon"
"valorisé","valorisés"
"valorisée","valorisé"
"varennes","varenne"
"variabilités","variabilité"
"variance","variances"
"variante","variantes"
"variateur","variateurs"
"varié","variée"
"variétal","variétale"
"vasculaires","vasculaire"
"vase","vases"
"vectoriels","vectoriel"
"vedior","védior"
"vega","véga"
"vegafruits","végafruits"
"vegan","végan"
"veilles","veille"
"veilleuse","veilleur"
"vendange","vendangeur"
"vendangeur","vendanges"
"vendeuse","vendeur"
"ventilé","ventilée"
"ventilée","ventilées"
"ventouse","ventouses"
"veolia","véolia"
"verbal","verbaux"
"verbatims","verbatim"
"verger","vergers"
"verisure","vérisure"
"veritas","véritas"
"vernes","verne"
"vernisseuse","vernisseur"
"verone","vérone"
"verrier","verrière"
"verrou","verrous"
"versements","versement"
"verser","versement"
"vestiaire","vestiaires"
"vetoquinol","vétoquinol"
"viadeo","viadéo"
"viaducs","viaduc"
"viandes","viande"
"vibrante","vibrant"
"vibrants","vibrant"
"vibrateurs","vibrateur"
"vibratoires","vibratoire"
"vice-president","vice-président"
"vice-présidente","vice-président"
"victoires","victoire"
"vidanges","vidange"
"videotex","vidéotex"
"vieil","vieille"
"viennoiseries","viennoiserie"
"viet","viêt"
"vietnam","viêtnam"
"vietnamien","vietnamienne"
"vigeo","vigéo"
"vigneron","vignerons"
"vigueurs","vigueur"
"vijeo","vijéo"
"vilebrequins","vilebrequin"
"villageois","villageoise"
"villageoise","villageoises"
"villages","village"
"villas","villa"
"vin","vins"
"violences","violence"
"violons","violon"
"viral","virale"
"virales","virale"
"viraux","viral"
"virement","virements"
"viseur","viseurs"
"visité","visités"
"visitée","visitées"
"visseries","visserie"
"vissé","vissés"
"visteon","vistéon"
"vitamine","vitamines"
"viticulteurs","viticulteur"
"vitraux","vitrail"
"vitrée","vitrées"
"viviers","vivier"
"voilier","voiliers"
"voilures","voilure"
"volailles","volaille"
"volcans","volcan"
"vole","volé"
"voler","volé"
"volontariats","volontariat"
"volt","volte"
"volumiques","volumique"
"volumétrique","volumétriques"
"voute","voûte"
"voyage","voyages"
"voyages","voyager"
"voyagé","voyager"
"voûtes","voûte"
"vraquiers","vraquier"
"vsphere","vsphère"
"vécus","vécu"
"végétarien","végétariens"
"végétarienne","végétariennes"
"végétariennes","végétariens"
"véhiculé","véhiculée"
"vénézuélien","vénézuélienne"
"vérandas","véranda"
"vérificatrice","vérificateur"
"walters","walter"
"websphere","websphère"
"week-ends","week-end"
"wikipedia","wikipédia"
"williams","william"
"xenon","xénon"
"yaourt","yaourts"
"yoke","yoké"
"zenith","zénith"
"zircon","zircone"
"zoe","zoé"
"zonages","zonage"
"zurich","zürich"
"âgé","âgée"
"ébénistes","ébéniste"
"échographie","échographies"
"échéanciers","échéancier"
"éclectiques","éclectique"
"écluses","écluse"
"économisés","économisé"
"écrivaine","écrivain"
"écrivains","écrivain"
"écurie","écuries"
"éditorial","éditoriale"
"éditoriaux","éditorial"
"éducateurs","éducateur"
"éducatrice","éducateur"
"églises","église"
"égyptien","égyptienne"
"élagueur","élaguer"
"élargies","élargie"
"élastomère","élastomères"
"électoral","électorale"
"électorales","électorale"
"électoraux","électorale"
"électricienne","électricien"
"électro-aimants","électro-aimant"
"électrochimiques","électrochimique"
"électrode","électrodes"
"électrogène","électrogènes"
"électrolyte","électrolytes"
"électrolytiques","électrolytique"
"électronicienne","électronicien"
"électrophorèses","électrophorèse"
"élites","élite"
"éloigné","éloignés"
"élue","élu"
"élysées","élysée"
"élévations","élévation"
"élévatrice","élévateur"
"émaillé","émaillés"
"émerger","émergent"
"émetteurs","émetteur"
"émotionnels","émotionnel"
"énergies","énergie"
"épaisse","épaisses"
"épanoui","épanouis"
"éphémères","éphémère"
"épiceries","épicerie"
"épilations","épilation"
"épis","épi"
"éponges","éponge"
"époxydes","époxyde"
"éprouvé","éprouvée"
"éprouvées","éprouvée"
"épurateur","épurateurs"
"épurateurs","épurer"
"épurée","épurées"
"équation","équations"
"équestre","équestres"
"équilibré","équilibrer"
"équilibrée","équilibrées"
"équilibrés","équilibré"
"équin","équine"
"équins","équin"
"étage","étages"
"étalon","étalons"
"étanche","étanches"
"étangs","étang"
"étier","étions"
"étoffé","étoffer"
"étoilé","étoiles"
"étoilée","étoilé"
"étoilés","étoilé"
"étroit","étroite"
"étroits","étroit"
"étude","études"
"étudiée","étudié"
"étui","étuis"
"évaluateurs","évaluateur"
"évaluatrice","évaluateur"
"évaporateurs","évaporateur"
"évent","évents"
"éventuel","éventuelle"
"événementielle","événementiel"
"événementiels","événementiel"
