"abats","abattre"
"abattoirs","abattoir"
"abrasifs","abrasif"
"académies","académie"
"académiques","académique"
"accessibles","accessible"
"accessoires","accessoire"
"accidents","accident"
"accompagnant","accompagner"
"accompagnateur","accompagner"
"accompagnatrice","accompagnateur"
"accompagne","accompagner"
"accompagnement","accompagner"
"accompagné","accompagner"
"accompagnée","accompagner"
"accords","accord"
"accordé","accorder"
"accrocher","accrochage"
"accueillant","accueillir"
"accueillante","accueillir"
"accueille","accueillir"
"accueillir","accueil"
"accueils","accueil"
"achats","achat"
"achemine","acheminement"
"acheminer","acheminement"
"acheteur","acheter"
"acheteurs","acheter"
"acheteuse","acheter"
"aciers","acier"
"acoustiques","acoustique"
"acquis","acquérir"
"acquisitions","acquisition"
"acrobatiques","acrobatique"
"actes","acte"
"acteurs","acteur"
"actifs","actif"
"actions","action"
"active","actif"
"activer","actif"
"actives","actif"
"activités","activité"
"actualisée","actualiser"
"adaptation","adapter"
"adaptations","adapter"
"adapte","adapter"
"adapté","adapter"
"adaptée","adapter"
"adaptées","adapter"
"adaptés","adapter"
"adjointe","adjoint"
"administrateur","administration"
"administrateurs","administration"
"administratifs","administratif"
"administrations","administration"
"administrative","administratif"
"administratives","administratif"
"administratrice","administration"
"administre","administration"
"administrer","administration"
"adolescents","adolescent"
"adultes","adulte"
"affaire","affaires"
"affecter","affectation"
"affichages","affichage"
"affiche","affichage"
"afficher","affichage"
"affiches","affichage"
"affûtage","affûter"
"agence","agencer"
"agencements","agencement"
"agences","agencer"
"agendas","agenda"
"agente","agent"
"agents","agent"
"aggloméré","agglomérés"
"agiles","agile"
"agrafe","agrafage"
"agrafeuse","agrafage"
"agrandisseurs","agrandisseur"
"agricoles","agricole"
"agréments","agrément"
"aide","aider"
"aide-conducteur","aide conducteur"
"aides","aider"
"aides-soignants","aide-soignant"
"aidée","aider"
"aiguillages","aiguillage"
"aires","aire"
"ajustements","ajustement"
"ajuster","ajustement"
"alarmes","alarme"
"alcools","alcool"
"alerte","alerter"
"alertes","alerter"
"algorithmes","algorithme"
"alimentaires","alimentaire"
"alimente","alimentation"
"alimenter","alimentation"
"alimentés","alimentation"
"alliages","alliage"
"alternative","alternatif"
"alternatives","alternatif"
"amarres","amarrage"
"ambiances","ambiance"
"ambulances","ambulance"
"ambulancière","ambulancier"
"amovibles","amovible"
"ampoules","ampoule"
"amélioration","améliorer"
"améliorations","améliorer"
"améliore","améliorer"
"aménage","aménager"
"aménagements","aménagement"
"analogiques","analogique"
"analyse","analyser"
"analyses","analyser"
"analyseurs","analyseur"
"analystes","analyste"
"analysée","analyser"
"ancienne","ancien"
"anciennes","ancien"
"anciens","ancien"
"anglaise","anglais"
"angles","angle"
"animale","animal"
"animales","animal"
"animaliers","animalier"
"animalières","animalier"
"animateur","animation"
"animateurs","animation"
"animations","animation"
"animatrice","animation"
"animaux","animal"
"anime","animation"
"animer","animation"
"animé","animation"
"annonce","annoncer"
"annonces","annoncer"
"annonceur","annoncer"
"annonceurs","annonceur"
"annote","annoter"
"annuelle","annuel"
"annuels","annuel"
"années","année"
"anomalies","anomalie"
"antennes","antenne"
"anti-corrosion","anti corrosion"
"antiquités","antiquité"
"appareillages","appareillage"
"appareils","appareil"
"appellations","appellation"
"appels","appel"
"applications","application"
"appliquant","appliquer"
"applique","appliquer"
"appliqué","appliquer"
"appliquée","appliquer"
"appliqués","appliquer"
"apporte","apporter"
"apports","apport"
"apprentissages","apprentissage"
"approfondie","approfondir"
"approfondies","approfondir"
"approprié","appropriées"
"appropriée","approprié"
"approvisionne","approvisionnement"
"approvisionnements","approvisionnement"
"approvisionner","approvisionnement"
"apprécier","appréciation"
"appréciée","appréciation"
"apprêts","apprêt"
"appuis","appui"
"aptitudes","aptitude"
"aquatiques","aquatique"
"arbitre","arbitrer"
"arbitrer","arbitrage"
"arbres","arbre"
"architectes","architecte"
"architecturales","architectural"
"architecturaux","architectural"
"architectures","architecture"
"archiver","archivage"
"archives","archivage"
"ardoises","ardoise"
"armatures","armature"
"arme","armes"
"armoires","armoire"
"armée","armées"
"aromatiques","aromatique"
"arrêtes","arrêter"
"arrêts","arrêt"
"arrêtés","arrêter"
"articles","article"
"artificielle","artificiel"
"artisanale","artisanal"
"artisanales","artisanal"
"artisanaux","artisanal"
"artisans","artisan"
"artistes","artiste"
"artistiques","artistique"
"arts","art"
"ascenseurs","ascenseur"
"aspects","aspect"
"aspérités","aspérité"
"assemblage-montage","assemblage montage"
"assemblages","assemblage"
"assemblages-montages","assemblage montage"
"assemble","assemblage"
"assembler","assemblage"
"assembleurs","assembleur"
"assemblée","assemblage"
"assemblées","assemblage"
"assise","assises"
"assistant","assister"
"assistante","assister"
"assistantes","assister"
"assistants","assister"
"assiste","assister"
"assisté","assister"
"assistée","assister"
"assistés","assister"
"associations","association"
"associative","associatif"
"associé","associer"
"associée","associer"
"associées","associer"
"associés","associer"
"assurance-crédit","assurance crédit"
"assurance-qualité","assurance qualité"
"assurances","assurance"
"assurant","assurer"
"assure","assurer"
"assuré","assurer"
"assurés","assurer"
"ateliers","atelier"
"atmosphériques","atmosphérique"
"attachée","attaché"
"atteinte","atteindre"
"atteintes","atteindre"
"atteints","atteindre"
"attelles","atteler"
"attente","attentes"
"attractions","attraction"
"attribué","attribuer"
"attribuée","attribuer"
"audiences","audience"
"audiovisuelle","audiovisuel"
"audiovisuelles","audiovisuel"
"auditeurs","auditeur"
"auditifs","auditif"
"auditions","audition"
"auditive","auditif"
"auditives","auditif"
"auditrice","auditeur"
"audits","audit"
"auteurs","auteur"
"autocars","autocar"
"automates","automate"
"automatiques","automatique"
"automatismes","automatisme"
"automatisé","automatiser"
"automatisée","automatiser"
"automatisées","automatiser"
"automatisés","automatiser"
"automobiles","automobile"
"automoteurs","automoteur"
"automotrice","automoteur"
"autonomes","autonome"
"autopsies","autopsie"
"autorisations","autorisation"
"autorités","autorité"
"autruches","autruche"
"auxiliaires","auxiliaire"
"avalanches","avalanche"
"avancées","avancée"
"avaries","avarie"
"avions","avion"
"avocats","avocat"
"aérer","aération"
"aérienne","aérien"
"aériennes","aérien"
"aériens","aérien"
"aérodromes","aérodrome"
"aéronautiques","aéronautique"
"aéronefs","aéronef"
"aéroports","aéroport"
"aéré","aération"
"bacs","bac"
"bactériologiques","bactériologique"
"bagages","bagage"
"baignoires","baignoire"
"bains","bain"
"balances","balance"
"balise","balisage"
"baliser","balisage"
"balises","balisage"
"ballets","ballet"
"balneothérapie","balnéothérapie"
"bancaires","bancaire"
"bancs","banc"
"bandes","bande"
"banques","banque"
"bardeaux","bardeau"
"barges","barge"
"barquettes","barquette"
"barre","barres"
"barrières","barrière"
"bars","bar"
"bassins","bassin"
"bateaux","bateau"
"baux","bail"
"becs","bec"
"bennes","benne"
"besoins","besoin"
"bibliothèques","bibliothèque"
"bicyclettes","bicyclette"
"bilans","bilan"
"billetteries","billetterie"
"bio-industries","bio industrie"
"biographies","biographie"
"biologiques","biologique"
"biologistes","biologiste"
"blanche","blanc"
"blanches","blanc"
"blindés","blindé"
"blocs","bloc"
"bobine","bobiner"
"bobines","bobiner"
"bobineur","bobiner"
"bobineuse","bobiner"
"bois-énergie","bois énergie"
"boissons","boisson"
"bonne","bon"
"bonnes","bon"
"bons","bon"
"bordereaux","bordereau"
"bords","bord"
"boucherie-charcuterie","boucherie charcuterie"
"boucheries","boucherie"
"boues","boue"
"boulangerie-pâtisserie","boulangerie pâtisserie"
"boulangeries","boulangerie"
"boule","bouler"
"boules","bouler"
"bourses","bourse"
"boursiers","boursier"
"boursière","boursier"
"boursières","boursier"
"bouteilles","bouteille"
"boutiques","boutique"
"bovine","bovin"
"bovins","bovin"
"boîte","boîtes"
"branche","brancher"
"branchement","brancher"
"branchements","brancher"
"branches","brancher"
"brasseries","brasserie"
"brevets","brevet"
"brides","brider"
"brigades","brigade"
"brique","briques"
"broche","brocher"
"broches","brocher"
"broder","brodeur"
"broderies","broderie"
"brodeuse","brodeur"
"bronze","bronzage"
"brouillards","brouillard"
"bruitages","bruitage"
"brûleurs","brûleur"
"budgets","budget"
"budgétaires","budgétaire"
"bulletins","bulletin"
"bureaux","bureau"
"bâti","bâtir"
"bâtiments","bâtiment"
"bâtis","bâtir"
"bâtisseuse","bâtisseur"
"bénéficiaires","bénéficiaire"
"bénévoles","bénévole"
"bétons","béton"
"bêtes","bête"
"cabines","cabine"
"cabinets","cabinet"
"cache","caches"
"cache-gaines","caches gaines"
"cachets","cachet"
"cadre","cadrer"
"cadres","cadrer"
"cafés","café"
"cages","cage"
"cahiers","cahier"
"caisses","caisse"
"calandre","calandrer"
"calculer","calcul"
"calculs","calcul"
"calculée","calcul"
"cale","caler"
"cales","caler"
"calibration","calibrage"
"calibrer","calibrage"
"calibrée","calibrage"
"campagnes","campagne"
"camping-cars","camping-car"
"caméras","caméra"
"canalisations","canalisation"
"candidats","candidat"
"caoutchoucs","caoutchouc"
"capacités","capacité"
"capillaires","capillaire"
"capital-investissement","capital investissement"
"capitaux","capital"
"caprine","caprin"
"capteurs","capteur"
"capture","capturer"
"captures","capturer"
"caractérisation","caractériser"
"caractéristiques","caractéristique"
"carcasses","carcasse"
"cardiaques","cardiaque"
"carnets","carnet"
"carrelages","carrelage"
"carrières","carrière"
"cartes","carte"
"cartographie","cartographier"
"cartographies","cartographier"
"cartographiques","cartographique"
"cartons","carton"
"cartouches","cartouche"
"carénages","carénage"
"cascade","cascades"
"casinos","casino"
"casques","casque"
"castings","casting"
"catalogue","catalogues"
"catastrophes","catastrophe"
"catégories","catégorie"
"cause","causes"
"caves","cave"
"cellules","cellule"
"centrale","central"
"centrales","central"
"centralisée","centralisé"
"centraux","central"
"centre","centrer"
"centres","centrer"
"ceps","cep"
"cercles","cercler"
"certificats","certificat"
"certifié","certifier"
"chambres","chambre"
"champignons","champignon"
"champs","champ"
"change","changement"
"changements","changement"
"changer","changement"
"chansons","chanson"
"chanteur","chant"
"chanteurs","chant"
"chanteuse","chant"
"chantiers","chantier"
"chapeaux","chapeau"
"chapiteaux","chapiteau"
"charcuteries","charcuterie"
"charge","charger"
"charges","charger"
"chargé","charger"
"chargée","charger"
"chargés","charger"
"chariot-élévateur","chariot élévateur"
"chariots","chariot"
"charpentes","charpente"
"charpentière","charpentier"
"chasse","chasser"
"chasses","chasser"
"chaude","chaud"
"chaudes","chaud"
"chaudières","chaudière"
"chauds","chaud"
"chauffant","chauffage"
"chauffante","chauffage"
"chauffe","chauffage"
"chauffeurs","chauffeur"
"chauffeuse","chauffeur"
"chauffés","chauffage"
"chaussures","chaussure"
"chaînes","chaîne"
"chefs","chef"
"cheminée","cheminées"
"chercheurs","chercheur"
"chevaux","cheval"
"chiens","chien"
"chiffre","chiffrement"
"chiffrer","chiffrement"
"chiffres","chiffrement"
"chiffrée","chiffrement"
"chiffrées","chiffrement"
"chimiques","chimique"
"chinoise","chinois"
"chirurgicale","chirurgical"
"chirurgicales","chirurgical"
"chirurgicaux","chirurgical"
"chocolateries","chocolaterie"
"chocolats","chocolat"
"choisi","choisir"
"choisie","choisir"
"choisies","choisir"
"choisis","choisir"
"chorégraphes","chorégraphe"
"chorégraphiques","chorégraphique"
"ciblage","cibler"
"cible","cibler"
"cibles","cibler"
"ciblé","cibler"
"ciblés","cibler"
"ciments","ciment"
"cinématographiques","cinématographique"
"circonstances","circonstance"
"circuits","circuit"
"circulations","circulation"
"circulatoires","circulatoire"
"cire","ciré"
"ciseaux","ciseau"
"ciselures","ciselure"
"civile","civil"
"civiles","civil"
"civils","civil"
"civiques","civique"
"classe","classer"
"classes","classer"
"classiques","classique"
"classée","classer"
"classées","classer"
"classés","classer"
"clichés","cliché"
"client-serveur","clients serveur"
"clientes","client"
"clients","client"
"climat-air-énergie","climat air énergie"
"climatiques","climatique"
"cliniques","clinique"
"clips","clip"
"clubs","club"
"clés","clé"
"clôture","clôturer"
"clôtures","clôturer"
"cocktails","cocktail"
"code","codage"
"coder","codage"
"codes","codage"
"codeur","codage"
"codées","codage"
"coffrages","coffrage"
"coffre","coffrer"
"coffres","coffrer"
"cognitive","cognitives"
"coiffe","coiffer"
"coiffer","coiffeur"
"coiffes","coiffer"
"coiffeuse","coiffeur"
"coiffures","coiffure"
"col","collage"
"collaborateurs","collaborateur"
"collaboration","collaborateur"
"collaboratrice","collaborateur"
"collaborer","collaboration"
"collants","coller"
"colle","coller"
"collecte","collecter"
"collectifs","collectif"
"collections","collection"
"collective","collectif"
"collectives","collectif"
"collectivités","collectivité"
"collectées","collecter"
"collectés","collecter"
"coller","collage"
"colles","coller"
"collèges","collège"
"collé","coller"
"collée","coller"
"collés","coller"
"colonnes","colonne"
"colorant","coloration"
"colorants","coloration"
"colorations","coloration"
"combattant","combattante"
"combinaisons","combinaison"
"comités","comité"
"commandant","commander"
"commandante","commander"
"commande","commander"
"commandes","commander"
"commandés","commander"
"commerciale","commercial"
"commerciales","commercial"
"commercialisation","commercialiser"
"commercialise","commercialiser"
"commerciaux","commercial"
"commise","commis"
"commissaires-priseurs","commissaire-priseur"
"commissions","commission"
"communale","communal"
"communautaires","communautaire"
"communautés","communauté"
"communaux","communal"
"commune","commun"
"communes","commun"
"communications","communication"
"communique","communiquer"
"communiqué","communiquer"
"communs","commun"
"compagnies","compagnie"
"complets","complet"
"complexe","complexes"
"complète","compléter"
"complémentaires","complémentaire"
"complété","compléter"
"complétée","compléter"
"complétées","compléter"
"complétés","compléter"
"comportements","comportement"
"composant","composer"
"composante","composer"
"composantes","composer"
"composants","composer"
"compose","composer"
"composites","composite"
"compositeurs","compositeur"
"compositions","composition"
"compositrice","compositeur"
"composée","composer"
"comptables","comptable"
"compte","compter"
"comptes","compter"
"compteurs","compteur"
"compétences","compétence"
"compétente","compétent"
"compétents","compétent"
"compétitions","compétition"
"comédiens","comédien"
"comédies","comédie"
"concepteur","conception"
"concepteurs","conception"
"conceptrice","conception"
"concepts","concept"
"concerné","concernés"
"concerts","concert"
"concessionnaires","concessionnaire"
"concessions","concession"
"concevoir","conception"
"concours","concourir"
"concurrentielle","concurrentiel"
"conditionne","conditionner"
"conditionné","conditionner"
"conditions","condition"
"conducteurs","conducteur"
"conductrice","conducteur"
"conduit","conduire"
"conduite","conduire"
"conduits","conduire"
"confectionne","confectionner"
"configurations","configuration"
"configurer","configuration"
"confiseries","confiserie"
"conflits","conflit"
"conférences","conférence"
"conférenciers","conférencier"
"conjonctures","conjoncture"
"conjugale","conjugal"
"conjugales","conjugal"
"connaissances","connaissance"
"connexions","connexion"
"conseille","conseiller"
"conseiller","conseil"
"conseillers","conseiller"
"conseillère","conseiller"
"conseils","conseil"
"conservateurs","conservateur"
"conservatoires","conservatoire"
"conserveries","conserverie"
"consignation","consigner"
"consigne","consigner"
"consignes","consigner"
"consolidés","consolider"
"consommateur","consommation"
"consommateurs","consommation"
"consommations","consommation"
"constatation","constater"
"constats","constat"
"constatées","constater"
"constatés","constater"
"constituants","constituer"
"constitue","constituer"
"constituée","constituer"
"constitués","constituer"
"constructeurs","constructeur"
"constructifs","constructif"
"constructions","construction"
"construit","construire"
"consultant","consultation"
"consultante","consultation"
"consultations","consultation"
"consulter","consultation"
"contacts","contact"
"contaminant","contamination"
"contaminé","contamination"
"contaminés","contamination"
"conte","contes"
"contemporaine","contemporain"
"contemporaines","contemporain"
"contemporains","contemporain"
"conteneurs","conteneur"
"contenu","contenus"
"contextes","contexte"
"continus","continu"
"contractuelle","contractuel"
"contractuelles","contractuel"
"contractuels","contractuel"
"contrainte","contraintes"
"contrats","contrat"
"contribuables","contribuable"
"contribue","contribuer"
"contribuent","contribuer"
"contrôles","contrôle"
"contrôleurs","contrôleur"
"contrôleuse","contrôleur"
"conventionnelle","conventionnel"
"conventionnelles","conventionnel"
"conventionnels","conventionnel"
"conventions","convention"
"conversions","conversion"
"convois","convoi"
"convoyage","convoyer"
"convoyages","convoyage"
"conçoit","conception"
"conçus","conception"
"coopérative","coopératives"
"coordinatrice","coordinateur"
"coordonne","coordonner"
"coordonnées","coordonner"
"copie","copier"
"copies","copier"
"coques","coque"
"cordages","cordage"
"cordes","corde"
"corporelle","corporel"
"corporels","corporel"
"correcteurs","correcteur"
"corrections","correction"
"correctrice","correcteur"
"correspondances","correspondance"
"correspondant","correspondre"
"correspondants","correspondre"
"corrige","corriger"
"corrigé","corriger"
"corrosifs","corrosif"
"cosmétiques","cosmétique"
"costume","costumes"
"cotations","cotation"
"cotes","cotation"
"cotisations","cotisation"
"coté","cotation"
"cotées","cotation"
"couche","coucher"
"couches","coucher"
"couler","couleur"
"couleurs","couleur"
"coulé","couler"
"coulée","couler"
"coulées","couler"
"coupante","couper"
"coupants","couper"
"coupe","couper"
"coupes","couper"
"coupeur","couper"
"coupeuse","coupeur"
"couples","couple"
"coupée","couper"
"coupées","couper"
"courant","courants"
"courbe","courbes"
"courriers","courrier"
"course","courses"
"coursiers","coursier"
"coursière","coursier"
"courtiers","courtier"
"couseuse","couseur"
"cousu","coudre"
"cousus","coudre"
"couteaux","couteau"
"coutures","couture"
"couvert","couvrir"
"couverts","couvrir"
"couvertures","couverture"
"coûts","coût"
"craquelures","craquelure"
"creusement","creuser"
"crocodiles","crocodile"
"créatifs","créatif"
"créations","création"
"créatives","créatif"
"crédits","crédit"
"crée","création"
"créer","création"
"crêpe","crêpes"
"cuirs","cuir"
"cuisine","cuisiner"
"cuisines","cuisiner"
"cuisiniers","cuisinier"
"cuisinière","cuisinier"
"cuisinés","cuisiner"
"cuit","cuire"
"cuites","cuire"
"culinaires","culinaire"
"cultes","culte"
"culturelle","culturel"
"culturelles","culturel"
"culturels","culturel"
"cultures","culture"
"curatives","curative"
"cure","curage"
"curer","curage"
"cuves","cuve"
"cycles","cycle"
"cylindre","cylindres"
"câblage","câbler"
"câblages","câbler"
"câble","câbler"
"câbles","câbler"
"câblés","câbler"
"céramiques","céramique"
"cérémonies","cérémonie"
"côtière","côtier"
"dallages","dallage"
"dangereuses","dangereux"
"danseurs","danseur"
"danseuse","danseur"
"dates","date"
"demande","demander"
"demandes","demander"
"demandeur","demander"
"demandeurs","demander"
"demandé","demander"
"demandée","demander"
"demandées","demander"
"demandés","demander"
"dentaires","dentaire"
"dentelles","dentelle"
"designs","design"
"desserts","desserte"
"desservi","desserte"
"dessinateurs","dessinateur"
"dessinatrice","dessinateur"
"dessine","dessiner"
"dessins","dessin"
"dessinée","dessiner"
"dessinées","dessiner"
"destinataires","destinataire"
"destructifs","destructif"
"destructive","destructif"
"diagnostics","diagnostic"
"diagnostique","diagnostiquer"
"dialogues","dialogue"
"diamants","diamant"
"difficiles","difficile"
"difficultés","difficulté"
"diffuse","diffuser"
"digitale","digital"
"dimensionnelle","dimensionnel"
"dimensionnelles","dimensionnel"
"dimensionnels","dimensionnel"
"dimensions","dimension"
"diplômes","diplôme"
"diplômée","diplômé"
"directes","direct"
"directeurs","directeur"
"directions","direction"
"directrice","directeur"
"directs","direct"
"dirige","diriger"
"dirigeant","diriger"
"dirigeante","diriger"
"dirigeantes","diriger"
"dirigeants","diriger"
"dirigée","diriger"
"dirigés","diriger"
"disciplinaires","disciplinaire"
"disciplines","discipline"
"discothèques","discothèque"
"disjoncteurs","disjoncteur"
"dispensé","dispenser"
"dispensée","dispenser"
"disponibilités","disponibilité"
"dispositifs","dispositif"
"dispositions","disposition"
"disques","disque"
"distributeurs","distributeur"
"distributrice","distributeur"
"distribuées","distribuer"
"distribués","distribuer"
"divertissements","divertissement"
"diététicienne","diététicien"
"diététiques","diététique"
"documentaires","documentaire"
"documenter","documentation"
"documents","document"
"domaines","domaine"
"domestique","domestiques"
"dommages-ouvrage","dommages ouvrage"
"donne","donner"
"donnent","donner"
"donné","donner"
"donnée","donner"
"données","donner"
"dorures","dorure"
"dosages","dosage"
"dose","dosage"
"doser","dosage"
"doses","dosage"
"doseur","dosage"
"dossiers","dossier"
"douanes","douane"
"douanière","douanières"
"doublages","doublage"
"drague","dragage"
"dramatiques","dramatique"
"dresser","dressage"
"droite","droit"
"droites","droit"
"droits","droit"
"dysfonctionnements","dysfonctionnement"
"débat","débats"
"débiteurs","débiteur"
"débits","débit"
"débité","débiter"
"débitées","débiter"
"débroussailler","débroussaillage"
"décaper","décapage"
"décidés","décider"
"décisionnelles","décisionnel"
"décisions","décision"
"déclarations","déclaration"
"déclencher","déclenchement"
"déclinaisons","déclinaison"
"décoder","décodage"
"décontaminer","décontamination"
"décor","décorer"
"décorateur","décorer"
"décorateurs","décorateur"
"décoratifs","décoratif"
"décoration","décorer"
"décorations","décorer"
"décorative","décoratif"
"décoratives","décoratif"
"décoratrice","décorateur"
"décore","décorer"
"décors","décor"
"découpage","découper"
"découpe","découper"
"découpes","découper"
"découpeur","découper"
"découpeuse","découpeur"
"décrits","décrire"
"décrivant","décrire"
"défaillances","défaillance"
"défauts","défaut"
"défectueuse","défectueux"
"défectueuses","défectueux"
"déficiences","déficience"
"déficiente","déficient"
"déficientes","déficient"
"déficients","déficient"
"défile","défiler"
"défilé","défiler"
"défilés","défiler"
"défini","définir"
"définie","définir"
"définies","définir"
"définis","définir"
"définit","définir"
"définitifs","définitif"
"définitive","définitif"
"déformations","déformation"
"défunts","défunt"
"dégradations","dégradation"
"dégradé","dégradation"
"dégradés","dégradation"
"dégustations","dégustation"
"délais","délai"
"délivre","délivrer"
"délivré","délivrer"
"délivrée","délivrer"
"délivrées","délivrer"
"délivrés","délivrer"
"délégations","délégation"
"délégué","déléguée"
"délégués","délégué"
"démarche","démarcher"
"démarches","démarcher"
"démarrages","démarrage"
"démarrer","démarrage"
"démolitions","démolition"
"démontage","démonter"
"déménager","déménagement"
"déménageur","déménager"
"déménageuse","déménageur"
"déménagés","déménager"
"dépannages","dépannage"
"dépanner","dépannage"
"dépanneur","dépannage"
"dépanneuse","dépannage"
"départementale","départemental"
"départementales","départemental"
"départementaux","départemental"
"départements","département"
"dépendante","dépendre"
"dépendantes","dépendre"
"déplacements","déplacement"
"déplacer","déplacement"
"déploie","déployer"
"dépose","déposer"
"déposés","déposer"
"dépouille","dépouiller"
"dépouilles","dépouiller"
"dépôts","dépôt"
"dépôts-ventes","dépôt vente"
"dérouleuse","dérouleur"
"détachements","détachement"
"détachées","détacher"
"détaillants","détailler"
"détaillé","détailler"
"détaillée","détailler"
"détails","détail"
"détecteur","détecter"
"détecteurs","détecter"
"détermination","déterminer"
"détermine","déterminer"
"déterminé","déterminer"
"déterminée","déterminer"
"déterminés","déterminer"
"développe","développement"
"développements","développement"
"développer","développement"
"développées","développement"
"développés","développement"
"eaux","eau"
"echange","échanger"
"echanges","échanger"
"eclairage","éclairage"
"ecole","école"
"ecoles","école"
"economie","économie"
"ecrire","écrire"
"ecriture","écriture"
"educateur","éducateur"
"educatif","éducatif"
"education","éducation"
"effectifs","effectif"
"effectuant","effectuer"
"effectue","effectuer"
"effectué","effectuer"
"effectuées","effectuer"
"effectués","effectuer"
"effondrements","effondrement"
"efforts","effort"
"elaboration","élaboration"
"electricité","électricité"
"electronique","électronique"
"elevage","élevage"
"emails","email"
"emballages","emballage"
"embarcations","embarcation"
"embarqués","embarqué"
"embellissements","embellissement"
"emplacements","emplacement"
"emplois","emploi"
"employeurs","employeur"
"employée","employé"
"employés","employé"
"empreintes","empreinte"
"encadre","encadrement"
"encadrement-technicien","encadrement technicien"
"encadrement-technicienne","encadrement technicien"
"encadrements","encadrement"
"encadrer","encadrement"
"encaissements","encaissement"
"encaisser","encaissement"
"enceintes","enceinte"
"encre","encrer"
"encres","encrer"
"enduit","enduire"
"enduits","enduire"
"energies","énergie"
"energétique","énergétique"
"enfants","enfant"
"engagement","engager"
"engagements","engager"
"engagé","engager"
"engagée","engager"
"engagées","engager"
"engins","engin"
"enlève","enlever"
"enquête","enquêter"
"enquêtes","enquêter"
"enquêteurs","enquêter"
"enregistre","enregistrement"
"enregistrements","enregistrement"
"enregistrer","enregistrement"
"enregistreur","enregistrement"
"enregistreuse","enregistrement"
"enregistrés","enregistrement"
"enseignant","enseigner"
"enseignante","enseigner"
"enseignants","enseigner"
"enseigne","enseigner"
"enseignements","enseignement"
"enseigner","enseignement"
"enseignes","enseigner"
"enseignée","enseigner"
"enseignés","enseigner"
"ensembles","ensemble"
"entraîner","entraîneur"
"entraîneur","entraînement"
"entraîneurs","entraîneur"
"entraîneuse","entraîneur"
"entrepreneurs","entrepreneur"
"entrepôts","entrepôt"
"entretiens","entretien"
"entretient","entretenir"
"environnementale","environnemental"
"environnementaux","environnemental"
"equipement","équiper"
"equipements","équiper"
"escales","escale"
"escaliers","escalier"
"espace","espaces"
"espagnole","espagnol"
"espèces","espèce"
"essais","essai"
"essayages","essayage"
"essences","essence"
"essuyé","essuyer"
"esthétiques","esthétique"
"estimation","estimer"
"etablissement","établissement"
"etablissements","établissement"
"etablit","établir"
"etat","état"
"ethniques","ethnique"
"etude","étude"
"etudes","étude"
"européenne","européen"
"européennes","européen"
"européens","européen"
"evaluation","évaluation"
"evalue","évaluation"
"examens","examen"
"examiner","examinateur"
"exerce","exercer"
"exercent","exercer"
"exercices","exercice"
"exigée","exigé"
"exigés","exigé"
"existants","existant"
"exotiques","exotique"
"expert-comptable","expert comptable"
"experte","expert"
"expertise","expertiser"
"expertises","expertiser"
"experts","expert"
"exploitables","exploitable"
"exploitant","exploitation"
"exploitante","exploitation"
"exploitants","exploitation"
"exploitations","exploitation"
"exploite","exploitation"
"exploiter","exploitation"
"explorations","exploration"
"explosifs","explosif"
"explosive","explosif"
"explosives","explosif"
"expositions","exposition"
"expéditions","expédition"
"expériences","expérience"
"expérimentale","expérimental"
"expérimentales","expérimental"
"expérimentations","expérimentation"
"extensibles","extensible"
"extensions","extension"
"externes","externe"
"extraits","extraire"
"extérieure","extérieur"
"extérieures","extérieur"
"extérieurs","extérieur"
"exécute","exécution"
"exécuter","exécution"
"exécutés","exécution"
"fabricants","fabricant"
"fabrications","fabrication"
"fabrique","fabriquer"
"fabriqué","fabriquer"
"fabriqués","fabriquer"
"facilite","faciliter"
"facteurs","facteur"
"facture","facturer"
"factures","facturer"
"faibles","faible"
"familiale","familial"
"familiales","familial"
"familiaux","familial"
"familles","famille"
"farines","farine"
"fausses","faux"
"faux-plafonds","faux plafond"
"favorise","favoriser"
"façades","façade"
"façonne","façonner"
"façonnière","façonnier"
"façonnées","façonner"
"façonnés","façonner"
"faïences","faïence"
"femmes","femme"
"ferme","fermer"
"fermes","fermer"
"fermetures","fermeture"
"fermoirs","fermoir"
"fermé","fermer"
"fermée","fermer"
"ferroviaires","ferroviaire"
"ferrures","ferrure"
"ferré","ferrer"
"ferrées","ferrer"
"ferrés","ferrer"
"festivals","festival"
"feuilles","feuille"
"feuilletons","feuilleton"
"feutres","feutre"
"feux","feu"
"fibres","fibre"
"fibreuse","fibre"
"fiches","fiche"
"fichiers","fichier"
"figurines","figurine"
"files","filer"
"filets","filet"
"filiale","filiales"
"filières","filière"
"films","film"
"filmé","filmer"
"filmés","filmer"
"fils","fil"
"filtration","filtrage"
"filtre","filtrage"
"filtrer","filtrage"
"filé","filer"
"finale","final"
"finalisé","finaliser"
"finalités","finalité"
"finance","financement"
"financements","financement"
"financer","financement"
"finances","financement"
"financiers","financier"
"financière","financier"
"financières","financier"
"finaux","final"
"fine","fin"
"fines","fin"
"fini","finis"
"finitions","finition"
"fins","fin"
"fiscale","fiscal"
"fiscales","fiscal"
"fiscaux","fiscal"
"fixation","fixer"
"fixations","fixer"
"fixe","fixer"
"fixes","fixer"
"fixée","fixer"
"fixées","fixer"
"fleurs","fleur"
"florales","florale"
"fluides","fluide"
"fluviale","fluvial"
"fluviaux","fluvial"
"fonciers","foncier"
"foncière","foncier"
"foncières","foncier"
"fonctionnelle","fonctionnel"
"fonctionnelles","fonctionnel"
"fonctionnels","fonctionnel"
"fonctions","fonction"
"fondations","fondation"
"fontes","fonte"
"forages","forage"
"forer","forage"
"forestiers","forestier"
"forestière","forestier"
"forestières","forestier"
"forgeronne","forgeron"
"formalise","formaliser"
"formateur","formation"
"formations","formation"
"formatrice","formation"
"formats","format"
"forme","formation"
"former","formation"
"formes","formation"
"formulaires","formulaire"
"formulations","formulation"
"formé","formation"
"forêts","forêt"
"fouille","fouilles"
"fourni","fournir"
"fournisseurs","fournisseur"
"fourrures","fourrure"
"fours","four"
"foyers","foyer"
"fragilités","fragilité"
"française","français"
"françaises","français"
"fraîches","frais"
"frigorifiques","frigorifique"
"froide","froid"
"froides","froid"
"froids","froid"
"fromages","fromage"
"frontaux","frontal"
"fruits","fruit"
"fréquences","fréquence"
"funéraires","funéraire"
"fuseaux","fuseau"
"fusibles","fusible"
"fusion-acquisition","fusion acquisition"
"fédérations","fédération"
"gabarits","gabarit"
"galeries","galerie"
"gammes","gamme"
"gants","gant"
"garages","garage"
"garant","garage"
"garante","garage"
"garantie","garantir"
"garanties","garantir"
"garantit","garantir"
"garde","garder"
"gardes","garder"
"gardienne","gardien"
"gardiens","gardien"
"gare","garage"
"garer","garage"
"gares","garage"
"garnitures","garniture"
"gastronomiques","gastronomique"
"gaufres","gaufrer"
"gazeuse","gazeux"
"gels","gel"
"genres","genre"
"gestes","geste"
"gestionnaires","gestionnaire"
"gibiers","gibier"
"gilets","gilet"
"gisements","gisement"
"glaces","glace"
"glaciers","glacier"
"glissières","glissière"
"globale","global"
"gouvernant","gouverner"
"goûts","goût"
"grande","grand"
"grandes","grand"
"grandeurs","grandeur"
"grands","grand"
"graphiques","graphique"
"graphismes","graphisme"
"graves","graver"
"gravures","gravure"
"gravés","graver"
"grille","grilles"
"grimpeuse","grimpeur"
"grosses","gros"
"grotesques","grotesque"
"groupes","groupe"
"grues","grue"
"grumes","grume"
"guidant","guider"
"guide","guider"
"guides","guider"
"guidé","guider"
"guidée","guider"
"guidées","guider"
"gère","gérer"
"générale","général"
"générales","général"
"généralistes","généraliste"
"généraux","général"
"génétiques","génétique"
"géographiques","géographique"
"géomètre-expert","géomètre experts"
"géomètres","géomètre"
"géométriques","géométrique"
"gérant","gérer"
"gérante","gérer"
"gérants","gérer"
"gérés","gérer"
"habilitations","habilitation"
"habille","habiller"
"habilleuse","habilleur"
"habitations","habitation"
"halls","hall"
"handicaps","handicap"
"harnachements","harnachement"
"haute","haut"
"haute-couture","haut couture"
"hautes","haut"
"hauteurs","hauteur"
"hauts-fourneaux","haut-fourneau"
"hauturière","hauturier"
"hertziens","hertzien"
"heures","heure"
"histoires","histoire"
"historiques","historique"
"homes","home"
"homologué","homologuée"
"horaires","horaire"
"horizontale","horizontal"
"horizontales","horizontal"
"horlogers","horloger"
"horlogère","horloger"
"horticoles","horticole"
"hospitaliers","hospitalier"
"hospitalisés","hospitalisation"
"hospitalière","hospitalier"
"hospitalières","hospitalier"
"huissiers","huissier"
"humaine","humain"
"humaines","humain"
"humains","humain"
"hydrauliques","hydraulique"
"hydrocarbures","hydrocarbure"
"hypermarchés","hypermarché"
"hélicoptères","hélicoptère"
"hôpitaux","hôpital"
"hôtel-restaurant","hôtel restauration"
"hôteliers","hôtelier"
"hôtelière","hôtelier"
"hôtelières","hôtelier"
"hôtels","hôtel"
"hôtes","hôte"
"identifie","identifier"
"illustrations","illustration"
"images","image"
"immergé","immerger"
"immergées","immerger"
"immergés","immerger"
"immeubles","immeuble"
"immobiliers","immobilier"
"immobilisations","immobilisation"
"immobilière","immobilier"
"immobilières","immobilier"
"impacts","impact"
"implantations","implantation"
"implanter","implantation"
"implants","implant"
"implantée","implantation"
"implique","impliquer"
"impliquées","impliquer"
"impositions","imposition"
"imposé","imposer"
"imposés","imposer"
"impressions","impression"
"imprimeries","imprimerie"
"imprimé","imprimer"
"imprimée","imprimer"
"imprimés","imprimer"
"inaugurations","inauguration"
"incendies","incendie"
"incidents","incident"
"incinérateur","incinération"
"incorporé","incorporer"
"indemnisations","indemnisation"
"indemniser","indemnisation"
"indicateurs","indicateur"
"indices","indice"
"indirecte","indirect"
"indirectes","indirect"
"indirects","indirect"
"individuelle","individuel"
"individuelles","individuel"
"individuels","individuel"
"industrielle","industriel"
"industrielles","industriel"
"industriels","industriel"
"industries","industrie"
"indépendante","indépendant"
"indépendantes","indépendant"
"indépendants","indépendant"
"infantiles","infantile"
"infectieuses","infectieux"
"infirmiers","infirmier"
"infirmière","infirmier"
"inflammables","inflammable"
"informations","information"
"informatiques","informatique"
"informatisée","informatisées"
"informe","informer"
"informé","informer"
"informée","informer"
"informés","informer"
"infractions","infraction"
"infrastructures","infrastructure"
"inférieure","inférieures"
"ingénieurs","ingénieur"
"inhumer","inhumation"
"innovations","innovation"
"inscriptions","inscription"
"inscrit","inscrire"
"inscrits","inscrire"
"inspecteurs","inspecteur"
"inspections","inspection"
"inspectrice","inspecteur"
"installateur","installer"
"installation","installer"
"installations","installer"
"installe","installer"
"instances","instance"
"institutionnels","institutionnel"
"institutions","institution"
"instituts","institut"
"instructions","instruction"
"instruit","instruire"
"instrumentale","instrumental"
"instrumentaux","instrumental"
"instruments","instrument"
"intendante","intendant"
"intensifs","intensif"
"inter-sites","inter site"
"interactifs","interactif"
"interactions","interaction"
"interactive","interactif"
"interfaces","interface"
"interlocuteurs","interlocuteur"
"intermédiaires","intermédiaire"
"internationale","international"
"internationales","international"
"internationaux","international"
"internes","interne"
"interprète","interprétation"
"interprètes","interprétation"
"interpréter","interprétation"
"intervenant","intervenir"
"intervenante","intervenir"
"intervenants","intervenir"
"interventions","intervention"
"intervient","intervenir"
"interviews","interview"
"intégrant","intégrer"
"intégration","intégrer"
"intégré","intégrer"
"intégrée","intégrer"
"intégrées","intégrer"
"intégrés","intégrer"
"intérieure","intérieur"
"intérieures","intérieur"
"intérieurs","intérieur"
"intérêts","intérêt"
"inventaires","inventaire"
"investigations","investigation"
"investissements","investissement"
"irrégularités","irrégularité"
"isolant","isoler"
"isolations","isolation"
"isolement","isoler"
"isoler","isolation"
"isolé","isoler"
"italienne","italien"
"itinéraires","itinéraire"
"itinérante","itinérant"
"itinérantes","itinérant"
"japonaise","japonais"
"jardins","jardin"
"jeunes","jeune"
"jeux","jeu"
"joint","joints"
"jouets","jouet"
"joueurs","joueur"
"joueuse","joueur"
"journalistes","journaliste"
"journalière","journalières"
"journaux","journal"
"judiciaires","judiciaire"
"juge","juger"
"jugées","juger"
"juridictions","juridiction"
"juridiques","juridique"
"juristes","juriste"
"justifiant","justifier"
"kits","kit"
"laboratoires","laboratoire"
"laitiers","laitier"
"laitière","laitier"
"laitières","laitier"
"lance","lancer"
"lancement","lancer"
"lancements","lancer"
"langages","langage"
"langues","langue"
"lapins","lapin"
"laques","laque"
"latérale","latéral"
"laver","lavage"
"lecteurs","lecteur"
"lectrice","lecteur"
"lectures","lecture"
"lettres","lettre"
"levures","levure"
"levée","lever"
"levés","lever"
"leçons","leçon"
"liaisons","liaison"
"liasse","lier"
"libertés","liberté"
"libre-service","libre service"
"libérales","libéral"
"licences","licence"
"lieux","lieu"
"lignes","ligne"
"limitant","limiter"
"limitations","limiter"
"limite","limiter"
"limites","limiter"
"limité","limiter"
"limitée","limiter"
"linges","linge"
"lingots","lingot"
"liquide","liquider"
"liquides","liquider"
"lissage","lisser"
"lisses","lisser"
"listes","liste"
"lit","lire"
"litiges","litige"
"lits","lire"
"littéraires","littéraire"
"livraisons","livraison"
"livre","livrer"
"livres","livrer"
"livreuse","livreur"
"livrés","livrer"
"lièvres","lièvre"
"lié","lier"
"liée","lier"
"liées","lier"
"liés","lier"
"locale","local"
"locales","local"
"localiser","localisation"
"localisées","localisation"
"locataires","locataire"
"locations","location"
"locaux","local"
"logements","logement"
"logiciels","logiciel"
"logistiques","logistique"
"lois","loi"
"longs","long"
"longs-métrages","long métrage"
"longue","long"
"longues","long"
"loteries","loterie"
"lots","lot"
"lourdes","lourd"
"lourds","lourd"
"loyers","loyer"
"luminaires","luminaire"
"lumineuse","lumineux"
"lumineuses","lumineux"
"lumières","lumière"
"lutte","lutter"
"lycées","lycée"
"lève","lever"
"légale","légal"
"légales","légal"
"légaux","légal"
"légers","léger"
"législatives","législatif"
"légumes","légume"
"légère","léger"
"légères","léger"
"machines","machine"
"machines-outils","machine-outil"
"magasinière","magasinier"
"magasins","magasin"
"magistrats","magistrat"
"magnétiques","magnétique"
"mains","main"
"maintient","maintenir"
"mairies","mairie"
"maisons","maison"
"maitrise","maîtriser"
"malades","malade"
"maladies","maladie"
"maltraitances","maltraitance"
"manager","management"
"managers","management"
"manches","manche"
"mandataires","mandataire"
"mandats","mandat"
"mandaté","mandater"
"mandrins","mandrin"
"manifestations","manifestation"
"manipulations","manipulation"
"manipule","manipulation"
"manipuler","manipulation"
"manipulées","manipulation"
"manipulés","manipulation"
"mannequins","mannequin"
"manoeuvre","manoeuvrer"
"manoeuvres","manoeuvrer"
"manteaux","manteau"
"manuelle","manuel"
"manuelles","manuel"
"manuels","manuel"
"manuscrits","manuscrit"
"maquettes","maquette"
"maquettistes","maquettiste"
"maquillages","maquillage"
"maquiller","maquillage"
"maquilleur","maquillage"
"maquilleuse","maquilleur"
"maraîchers","maraîcher"
"maraîchère","maraîcher"
"maraîchères","maraîcher"
"marchandises","marchandise"
"marchands","marchand"
"marches","marche"
"marchés","marché"
"mariages","mariage"
"marin","marine"
"marines","marine"
"marinière","marinier"
"marins","marin"
"marionnettes","marionnette"
"maritimes","maritime"
"mariée","mariage"
"marque","marquer"
"marques","marquer"
"marées","marée"
"masculines","masculin"
"masquages","masquage"
"masques","masque"
"masses","masse"
"masseuse","masseur"
"massifs","massif"
"massives","massif"
"mat","mât"
"maternelle","maternel"
"maternelles","maternel"
"maternels","maternel"
"matières","matière"
"matrices","matrice"
"matériaux","matériau"
"matérielle","matériel"
"matérielles","matériel"
"matériels","matériel"
"maux","mal"
"maçonne","maçon"
"maçonné","maçonner"
"maçonnés","maçonner"
"maîtres","maître"
"maîtresse","maître"
"maîtrise","maîtriser"
"media","média"
"membres","membre"
"menant","mener"
"mentions","mention"
"menus","menu"
"menée","mener"
"menées","mener"
"menés","mener"
"mers","mer"
"mesure","mesurer"
"mesures","mesurer"
"mesureur","mesurer"
"metteuse","metteur"
"meule","meulage"
"meules","meulage"
"micro-mécanique","micro mécanique"
"micros","micro"
"migrants","migration"
"migrations","migration"
"milieux","milieu"
"militaires","militaire"
"miniers","minier"
"ministres","ministre"
"ministères","ministère"
"ministérielles","ministériel"
"minérale","minérales"
"miroirs","miroir"
"missions","mission"
"mixeur","mixer"
"mobiles","mobile"
"mobiliers","mobilier"
"mobilières","mobilier"
"modalités","modalité"
"moderniser","modernisation"
"modes","mode"
"modifications","modification"
"modifie","modifier"
"modules","module"
"modèle","modeler"
"modèles","modeler"
"mondiale","mondial"
"moniteurs","moniteur"
"monitrice","moniteur"
"montage-assemblage","montage assemblage"
"montages","montage"
"montagnes","montagne"
"montant","monter"
"montants","monter"
"monte","monter"
"monter","montage"
"monteuse","monteur"
"montée","monter"
"montés","monter"
"monétaires","monétaire"
"moquettes","moquette"
"morceaux","morceau"
"mortiers","mortier"
"mortuaires","mortuaire"
"moteurs","moteur"
"motifs","motif"
"motiver","motivation"
"motocycles","motocycle"
"motorisé","motorisés"
"motos","moto"
"motrice","moteur"
"motrices","moteur"
"moulages","moulage"
"moulantes","mouler"
"moule","mouler"
"mouler","moulage"
"moules","mouler"
"mouleur","mouler"
"moulé","mouler"
"moulées","mouler"
"mouvements","mouvement"
"moyen-courrier","moyen courrier"
"moyens","moyen"
"municipale","municipal"
"municipaux","municipal"
"murale","mural"
"murales","mural"
"muraux","mural"
"murs","mur"
"musicale","musical"
"musicales","musical"
"musicaux","musical"
"musicienne","musicien"
"musiciens","musicien"
"musiques","musique"
"musée","musées"
"mâts","mât"
"mèches","mèche"
"mène","mener"
"mécanicienne","mécanicien"
"mécaniciens","mécanicien"
"mécaniques","mécanique"
"mécanismes","mécanisme"
"mécanisé","mécanisation"
"mécanisées","mécanisation"
"mécanisés","mécanisation"
"médecin","médecine"
"médecines","médecine"
"médecins","médecine"
"médias","média"
"médiateurs","médiateur"
"médiatiques","médiatique"
"médiatrice","médiateur"
"médicale","médical"
"médicales","médical"
"médicalisé","médicalisée"
"médicaments","médicament"
"médicaux","médical"
"mélange","mélanger"
"mélanges","mélanger"
"mélangeurs","mélangeur"
"mémoires","mémoire"
"mémoriser","mémorisation"
"ménage","ménager"
"ménagers","ménager"
"métalliques","métallique"
"métaux","métal"
"méthodes","méthode"
"métiers","métier"
"métrages","métrage"
"métré","mètre"
"météorologiques","météorologique"
"nacelles","nacelle"
"nageurs","nageur"
"naissances","naissance"
"nappe","nappes"
"nationale","national"
"nationales","national"
"nationaux","national"
"naturalisés","naturaliser"
"natures","nature"
"nautiques","nautique"
"navale","naval"
"navales","naval"
"navals","naval"
"navigante","navigant"
"navigatrice","navigateur"
"navires","navire"
"neige","neiges"
"nettoyer","nettoyage"
"nettoyés","nettoyage"
"neurologiques","neurologique"
"niveaux","niveau"
"nocifs","nocif"
"noire","noir"
"nomenclatures","nomenclature"
"noms","nom"
"normes","norme"
"notaires","notaire"
"notariale","notarial"
"notariaux","notarial"
"note","notes"
"notices","notice"
"nourrissons","nourrisson"
"nouveau-nés","nouveau-né"
"nouvelle","nouvelles"
"noyaux","noyau"
"noyées","noyer"
"nucléaires","nucléaire"
"nuisances","nuisance"
"numériques","numérique"
"numériser","numérisation"
"numérisées","numérisation"
"numéros","numéro"
"nutritionnelle","nutritionnel"
"nécessaires","nécessaire"
"nécessitant","nécessiter"
"nécessite","nécessiter"
"nécessité","nécessiter"
"négatifs","négatif"
"négative","négatif"
"négociateur","négociation"
"négociateurs","négociateur"
"négociations","négociation"
"négociatrice","négociateur"
"négocie","négociation"
"négocier","négociation"
"négociés","négociation"
"objectifs","objectif"
"objets","objet"
"obligatoires","obligatoire"
"observations","observation"
"observer","observation"
"obtenu","obtenir"
"obtenue","obtenir"
"obtenues","obtenir"
"obtenus","obtenir"
"obtient","obtenir"
"oculaires","oculaire"
"océanographiques","océanographique"
"offices","office"
"officielles","officiel"
"officiels","officiel"
"officines","officine"
"officière","officier"
"offres","offre"
"opinions","opinion"
"optimise","optimisation"
"optimiser","optimisation"
"options","option"
"optiques","optique"
"opéra","opérer"
"opéras","opérer"
"opérateurs","opérateur"
"opérationnelle","opérationnel"
"opérationnelles","opérationnel"
"opérationnels","opérationnel"
"opérations","opération"
"opératoires","opératoire"
"opératrice","opérateur"
"opéré","opérer"
"orale","oral"
"orales","oral"
"ordonnancer","ordonnancement"
"ordonnances","ordonnance"
"ordres","ordre"
"organiques","organique"
"organisationnelle","organisationnel"
"organisations","organisation"
"organisatrice","organisateur"
"organise","organisation"
"organiser","organisation"
"organismes","organisme"
"organisé","organisation"
"orientations","orientation"
"oriente","orientation"
"orienter","orientation"
"orientée","orientation"
"origines","origine"
"ornement","orner"
"ornementations","ornementation"
"ornementer","ornementation"
"ornements","ornement"
"orthopédiques","orthopédique"
"ossatures","ossature"
"outillages","outillage"
"outils","outil"
"ouvertes","ouvrir"
"ouvertures","ouverture"
"ouvrages","ouvrage"
"ouvreuse","ouvreur"
"ouvriers","ouvrier"
"ouvrière","ouvrier"
"ovins","ovin"
"oxydes","oxydation"
"pages","page"
"paiements","paiement"
"pains","pain"
"palettes","palette"
"paniers","panier"
"panneaux","panneau"
"pannes","panne"
"pantalons","pantalon"
"papiers","papier"
"parage","parer"
"paramédicale","paramédical"
"paramédicaux","paramédical"
"parcelles","parcelle"
"parcs","parc"
"parements","parement"
"parkings","parking"
"parois","paroi"
"paroles","parole"
"parquets","parquet"
"part","partir"
"partagé","partagés"
"partenaires","partenaire"
"participants","participer"
"participation","participer"
"participe","participer"
"partie","partir"
"parties","partir"
"partitions","partition"
"parts","partir"
"parures","parure"
"passagers","passager"
"passementeries","passementerie"
"passer","passage"
"passerelles","passerelle"
"passifs","passif"
"pathologiques","pathologique"
"patients","patient"
"patine","patinage"
"patrimoines","patrimoine"
"patrons","patron"
"pavillons","pavillon"
"peaux","peau"
"peint","peindre"
"peints","peindre"
"peintures","peinture"
"percevoir","perception"
"perches","perche"
"performances","performance"
"permanences","permanence"
"permanent","permanente"
"permanentes","permanente"
"permanents","permanent"
"permettant","permettre"
"permis","permettre"
"perruquière","perruquier"
"personnages","personnage"
"personnalités","personnalité"
"personnelle","personnel"
"personnels","personnel"
"pertes","perte"
"perçus","perception"
"petite","petit"
"petites","petit"
"petits","petit"
"pharmaceutiques","pharmaceutique"
"pharmacienne","pharmacien"
"pharmaciens","pharmacien"
"pharmacies","pharmacie"
"phases","phase"
"phoniques","phonique"
"photographes","photographe"
"photographies","photographie"
"photographiques","photographique"
"photos","photo"
"physicienne","physicien"
"physico-chimiques","physico-chimique"
"physiologiques","physiologique"
"physiques","physique"
"pianos","piano"
"pieds","pied"
"pierres","pierre"
"pile","pilon"
"pilotage","piloter"
"pilote","piloter"
"pilotes","piloter"
"piloté","piloter"
"piquer","piqueuse"
"piqueur","piquer"
"piqûres","piqûre"
"piscines","piscine"
"pistes","piste"
"pisteur","piste"
"pisteurs","pisteur"
"pizzas","pizza"
"pièces","pièce"
"placages","placage"
"place","placer"
"placements","placement"
"places","placer"
"placeuse","placeur"
"placé","placer"
"placées","placer"
"plafonds","plafond"
"plages","plage"
"plaidoiries","plaidoirie"
"planche","plancher"
"planches","plancher"
"planificatrice","planificateur"
"planifie","planifier"
"plannings","planning"
"plans","plan"
"plantaires","plantaire"
"plantations","plantation"
"plante","planter"
"planter","plantation"
"plantes","planter"
"plaque","plaques"
"plaquettes","plaquette"
"plastique","plastiques"
"plate","plat"
"plateaux","plateau"
"plates-formes","plate-forme"
"plats","plat"
"plis","pli"
"plongeurs","plongeur"
"plongées","plongée"
"pluies","pluie"
"pneumatiques","pneumatique"
"pointe","point"
"poissons","poisson"
"policiers","policier"
"polisseuse","polisseur"
"politiques","politique"
"pollutions","pollution"
"polyvalente","polyvalent"
"pompes","pompe"
"ponts","pont"
"populaires","populaire"
"populations","population"
"porcine","porcin"
"porcs","porc"
"portant","porter"
"portants","porter"
"porte","porter"
"porte-aéronefs","porter aéronef"
"porte-conteneur","porter conteneur"
"porte-voitures","porter voitures"
"portefeuilles","portefeuille"
"portes","porter"
"porteur","porter"
"porteurs","porteur"
"porteuse","porteur"
"porteuses","porteur"
"portiques","portique"
"ports","port"
"portuaires","portuaire"
"porté","porter"
"portée","porter"
"portées","porter"
"portés","porter"
"pose","poser"
"poses","poser"
"poseur","poser"
"poseuse","poseur"
"positionner","positionnement"
"positions","position"
"possibilités","possibilité"
"possède","posséder"
"post-opératoires","post-opératoire"
"postale","postal"
"postales","postal"
"postaux","postal"
"poste","postes"
"postures","posture"
"posés","poser"
"potables","potable"
"poteaux","poteau"
"potentielle","potentiel"
"potentielles","potentiel"
"potentiels","potentiel"
"praticiens","praticien"
"pratiquant","pratiquer"
"pratiquants","pratiquer"
"pratique","pratiquer"
"pratiques","pratiquer"
"pratiquée","pratiquer"
"prescriptions","prescription"
"prescrit","prescrire"
"prescrits","prescrire"
"presses","presse"
"pressings","pressing"
"pressions","pression"
"prestataires","prestataire"
"prestations","prestation"
"primaires","primaire"
"principale","principal"
"principaux","principal"
"principes","principe"
"priorités","priorité"
"prises","prise"
"privé","privées"
"privée","privé"
"problèmes","problème"
"procurer","procureur"
"procède","procéder"
"procès-verbaux","procès-verbal"
"procédures","procédure"
"procédé","procéder"
"procédés","procéder"
"producteurs","producteur"
"productions","production"
"productrices","producteur"
"produit","produire"
"produite","produire"
"produites","produire"
"produits","produire"
"professeure","professeur"
"professeurs","professeur"
"professionnelle","professionnel"
"professionnelles","professionnel"
"professionnels","professionnel"
"professions","profession"
"profils","profil"
"programmables","programmable"
"programmation","programmer"
"programmatrice","programmateur"
"programme","programmer"
"programmes","programmer"
"programmeur","programmer"
"programmeuse","programmer"
"programmée","programmer"
"programmés","programmer"
"projecteurs","projecteur"
"projets","projet"
"prolongées","prolongée"
"promoteurs","promoteur"
"promotionnelle","promotionnel"
"promotionnelles","promotionnel"
"promotions","promotion"
"propose","proposer"
"propositions","proposition"
"propriétaires","propriétaire"
"propriétés","propriété"
"prospecte","prospecter"
"prospecteur","prospecter"
"prospections","prospection"
"prospective","prospectif"
"protections","protection"
"prothèses","prothèse"
"prothésistes","prothésiste"
"protocoles","protocole"
"prototypes","prototype"
"protège","protéger"
"protégé","protéger"
"protégés","protéger"
"proviseurs","proviseur"
"pré-assemblés","pré assemblage"
"pré-projet","pré projet"
"préalables","préalable"
"précieuse","précieux"
"préfabriquées","préfabriqué"
"préfabriqués","préfabriqué"
"préliminaires","préliminaire"
"prélèvements","prélèvement"
"préparant","préparation"
"préparateurs","préparateur"
"préparations","préparation"
"préparatoires","préparatoire"
"préparatrice","préparateur"
"prépare","préparation"
"préparer","préparation"
"préparés","préparation"
"présentation","présenter"
"présentations","présentation"
"préservation","préserver"
"président","présider"
"présidente","présider"
"présidents","présider"
"préventions","prévention"
"préventive","préventif"
"préventives","préventif"
"prévient","prévenir"
"prévisionnels","prévisionnel"
"prévisions","prévision"
"prévue","prévoir"
"prévues","prévoir"
"prévus","prévoir"
"prêts","prêt"
"psychologiques","psychologique"
"psychologues","psychologue"
"publications","publication"
"publicitaires","publicitaire"
"publicités","publicité"
"publics","public"
"publique","public"
"publiques","public"
"puissances","puissance"
"puéricultrice","puériculteur"
"puéricultrices","puériculteur"
"pylônes","pylône"
"pâtes","pâte"
"pâtisseries","pâtisserie"
"pâturages","pâturage"
"péages","péage"
"pédagogiques","pédagogique"
"pénale","pénal"
"pénales","pénal"
"pénitentiaires","pénitentiaire"
"pépinières","pépinière"
"périodes","période"
"périodiques","périodique"
"périssables","périssable"
"pétroliers","pétrolier"
"pétrolières","pétrolier"
"pêches","pêche"
"quais","quai"
"qualifications","qualification"
"qualifié","qualifier"
"qualifiée","qualifier"
"qualitatifs","qualitatif"
"qualitative","qualitatif"
"qualités","qualité"
"quantitative","quantitatif"
"quantités","quantité"
"quartiers","quartier"
"questionnaires","questionnaire"
"quotidienne","quotidien"
"quotidiennes","quotidien"
"quotidiens","quotidien"
"rabatteuse","rabatteur"
"raccordements","raccordement"
"raccorder","raccordement"
"raccords","raccord"
"radiations","radiation"
"radioactifs","radioactif"
"radioactives","radioactif"
"radiophoniques","radiophonique"
"radios","radio"
"rail-route","rail route"
"rails","rail"
"raisins","raisin"
"rampes","rampe"
"rangement","ranger"
"rangements","rangement"
"rapides","rapide"
"rapports","rapport"
"rapprochements","rapprochement"
"rattache","rattacher"
"rattachés","rattacher"
"rayons","rayon"
"rebut","rebuts"
"recensement","recenser"
"recettes","recette"
"recevant","recevoir"
"recherche","rechercher"
"recherches","rechercher"
"recherchée","rechercher"
"recommandations","recommandation"
"reconnaissances","reconnaissance"
"reconnues","reconnaître"
"reconstitue","reconstituer"
"reconstituée","reconstituer"
"recours","recourir"
"recruter","recrutement"
"recruteurs","recruteur"
"rectifications","rectification"
"recueille","recueillir"
"recueillie","recueillir"
"recueillies","recueillir"
"recycler","recyclage"
"recyclé","recyclage"
"redresser","redressement"
"registres","registre"
"regroupement","regrouper"
"relevé","relever"
"relevés","relever"
"relieurs","relieur"
"relève","relever"
"remblais","remblai"
"remboursements","remboursement"
"remises","remise"
"remontées","remonter"
"remorque","remorqueur"
"remplacement","remplacer"
"remplacements","remplacer"
"rendements","rendement"
"rendus","rendu"
"renforcée","renforcer"
"renforts","renfort"
"renseigne","renseigner"
"renseignement","renseigner"
"renseignements","renseignement"
"repasse","repasser"
"repasser","repassage"
"repasseuse","repasseur"
"repassé","repasser"
"reportages","reportage"
"repoussé","repousser"
"reprise","reprises"
"reproductions","reproduction"
"reproduit","reproduire"
"représentant","représenter"
"représentante","représenter"
"représentants","représenter"
"représentation","représenter"
"représentations","représenter"
"reptiles","reptile"
"repère","repérer"
"repères","repérer"
"repérage","repérer"
"repérages","repérer"
"repérés","repérer"
"requis","requérir"
"requise","requérir"
"requises","requérir"
"requêtes","requête"
"respecte","respecter"
"respiratoires","respiratoire"
"responsabilités","responsabilité"
"responsables","responsable"
"restaurant","restaurer"
"restaurants","restaurer"
"restaurateur","restaurer"
"restaurateurs","restaurateur"
"restaurations","restauration"
"restauratrice","restaurateur"
"restaurer","restauration"
"restitue","restituer"
"restructurations","restructuration"
"retenues","retenir"
"retenus","retenir"
"retouche","retoucher"
"retouches","retoucher"
"retrait","retraits"
"revues","revue"
"revêt","revêtir"
"revêtements","revêtement"
"revêtu","revêtir"
"risque","risques"
"rivets","rivet"
"rivières","rivière"
"robotisé","robotisée"
"robots","robot"
"roches","roche"
"rocheuses","rocheux"
"romans","roman"
"ronde","rondes"
"rotative","rotatif"
"rotatives","rotatif"
"roue","roues"
"roulant","rouler"
"roulants","rouler"
"rouleaux","rouleau"
"roules","rouler"
"rouliers","roulier"
"routes","route"
"routiers","routier"
"routière","routier"
"routières","routier"
"rubans","ruban"
"ruptures","rupture"
"rurale","rural"
"rythmiques","rythmique"
"règle","régler"
"règlementaires","réglementaire"
"règlementation","réglementation"
"règlementations","réglementation"
"règlements","règlement"
"règles","régler"
"réactifs","réactif"
"réactions","réaction"
"réajuste","réajuster"
"réajustements","réajustement"
"réalisateurs","réalisateur"
"réalisation","réaliser"
"réalisations","réaliser"
"réalisatrice","réalisateur"
"réalise","réaliser"
"réalisé","réaliser"
"réalisée","réaliser"
"réalisées","réaliser"
"réalisés","réaliser"
"réceptionne","réceptionner"
"réceptions","réception"
"réceptive","réceptif"
"réchauffe","réchauffer"
"réclamations","réclamation"
"récolte","récolter"
"récoltes","récolter"
"récoltées","récolter"
"récoltés","récolter"
"récupérer","récupération"
"récupéré","récupération"
"récupérés","récupération"
"rédacteurs","rédacteur"
"rédactrice","rédacteur"
"rédige","rédiger"
"réelle","réel"
"réfections","réfection"
"réfrigérateurs","réfrigérateur"
"référencer","référencement"
"références","référence"
"régimes","régime"
"régionale","régional"
"régionales","régional"
"régionaux","régional"
"régions","région"
"réglages","réglage"
"réglementaires","réglementaire"
"réglementations","réglementation"
"régulateur","régulation"
"régulateurs","régulation"
"régulatrice","régulation"
"réguler","régulation"
"régulière","régulières"
"régulés","régulation"
"rémunérations","rémunération"
"rénove","rénovation"
"réparations","réparation"
"réparatrice","réparateur"
"répare","réparation"
"réparer","réparation"
"répartie","répartir"
"répertoires","répertoire"
"répétitifs","répétitif"
"répétitions","répétition"
"réseaux","réseau"
"réservations","réservation"
"réserve","réserver"
"réserves","réserver"
"résidences","résidence"
"résines","résine"
"résistances","résistance"
"résultats","résultat"
"réunions","réunion"
"réveils","réveil"
"révisions","révision"
"rôles","rôle"
"sable","sabler"
"sableux","sabler"
"sabots","sabot"
"sacs","sac"
"sages-femmes","sage-femme"
"saisie","saisir"
"saisonniers","saisonnier"
"saisonnières","saisonnier"
"saisons","saison"
"salaisons","salaison"
"salarié","salariés"
"salariée","salarié"
"salles","salle"
"salons","salon"
"sanctions","sanction"
"sanguine","sanguin"
"sanguins","sanguin"
"sanitaires","sanitaire"
"sauvages","sauvage"
"sauvegarde","sauvegarder"
"sauvegardes","sauvegarder"
"sauveteurs","sauveteur"
"savoirs","savoir"
"scellés","sceller"
"schémas","schéma"
"sciences","science"
"scientifiques","scientifique"
"scieries","scierie"
"scies","scie"
"scolaires","scolaire"
"scooter-moto","scooter moto"
"scripts","script"
"sculpteur","sculpter"
"sculptrice","sculpter"
"sculptures","sculpture"
"scènes","scène"
"scénarii","scénario"
"scénarios","scénario"
"secondaires","secondaire"
"secours","secourir"
"secs","sec"
"secteurs","secteur"
"sections","section"
"semaines","semaine"
"semelles","semelle"
"semences","semence"
"semi-automatiques","semi-automatique"
"semi-fini","semi fini"
"semi-finis","semi fini"
"sensations","sensation"
"sensibiliser","sensibilisation"
"sensibles","sensible"
"sensorielle","sensoriel"
"sensoriels","sensoriel"
"serre","serres"
"serrures","serrure"
"serrurière","serrurier"
"serveurs","serveur"
"services","service"
"servir","serveur"
"servitudes","servitude"
"sets","set"
"signalisations","signalisation"
"signalétiques","signalétique"
"signaux","signal"
"siliceux","silice"
"silos","silo"
"simples","simple"
"simulateur","simulation"
"simuler","simulation"
"simultanée","simultané"
"sinistres","sinistre"
"sites","site"
"situations","situation"
"siège","sièges"
"sociale","social"
"sociales","social"
"sociaux","social"
"socioculturelles","socioculturel"
"sociétés","société"
"socles","socle"
"soignant","soignante"
"soignants","soignant"
"soins","soin"
"soirées","soirée"
"solaires","solaire"
"solides","solide"
"sollicitations","sollicitation"
"sols","sol"
"solutions","solution"
"sommiers","sommier"
"sondages","sondage"
"sonde","sonder"
"sonores","sonore"
"sortants","sortir"
"sortie","sortir"
"sorties","sortir"
"souder","soudeur"
"soudeuse","soudeur"
"soudures","soudure"
"soudé","souder"
"soudés","souder"
"soufflets","soufflet"
"soumis","soumettre"
"soumise","soumettre"
"souples","souple"
"sous-marine","sous-marin"
"sous-marines","sous-marin"
"sous-marins","sous-marin"
"sous-sols","sous-sol"
"souscriptions","souscription"
"souterraines","souterrain"
"souterrains","souterrain"
"soutes","soute"
"spatiale","spatial"
"spatiaux","spatial"
"spectacles","spectacle"
"sportifs","sportif"
"sportive","sportif"
"sportives","sportif"
"sports","sport"
"spéciale","spécial"
"spéciales","spécial"
"spécialisation","spécialiser"
"spécialiste","spécialiser"
"spécialistes","spécialiste"
"spécialisé","spécialiser"
"spécialisée","spécialiser"
"spécialisées","spécialiser"
"spécialisés","spécialiser"
"spécialités","spécialité"
"spéciaux","spécial"
"spécifications","spécification"
"spécificités","spécificité"
"spécifiques","spécifique"
"stabilisées","stabilisation"
"stages","stage"
"stagiaires","stagiaire"
"standards","standard"
"stands","stand"
"stationnements","stationnement"
"stations","station"
"statiques","statique"
"statistiques","statistique"
"stimulantes","stimuler"
"stocker","stockage"
"stocks","stock"
"stockés","stockage"
"stores","store"
"stratégies","stratégie"
"stratégiques","stratégique"
"structure","structurer"
"structurelle","structurel"
"structurels","structurel"
"structures","structurer"
"studios","studio"
"style","styles"
"stylistes","styliste"
"stériles","stérile"
"stériliser","stérilisation"
"substances","substance"
"successions","succession"
"succursales","succursale"
"suites","suite"
"suivie","suivies"
"sujets","sujet"
"supermarchés","supermarché"
"supervise","superviser"
"superviseurs","superviseur"
"supplémentaires","supplémentaire"
"supports","support"
"supérieure","supérieur"
"supérieures","supérieur"
"surfaces","surface"
"surveillant","surveiller"
"surveillante","surveiller"
"surveillants","surveiller"
"surveille","surveiller"
"suspensions","suspension"
"syndicale","syndical"
"syndicales","syndical"
"syndicats","syndicat"
"syndics","syndic"
"synthèses","synthèse"
"synthétiques","synthétique"
"systèmes","système"
"sèche","séchage"
"sèches","séchage"
"séances","séance"
"sécher","séchage"
"séchées","séchage"
"séchés","séchage"
"sécurisation","sécuriser"
"sécurité-incendie","sécurité incendie"
"séjours","séjour"
"sélectionne","sélection"
"sélectionner","sélection"
"sélectionné","sélection"
"sélectionnés","sélection"
"séquences","séquence"
"séries","série"
"tabacs","tabac"
"tableaux","tableau"
"tables","table"
"tablettes","tablette"
"tabliers","tablier"
"tactiques","tactique"
"taille","tailler"
"tailles","tailler"
"taillée","tailler"
"taloche","talocher"
"tapisseries","tapisserie"
"taxes","taxe"
"taxis","taxi"
"technicienne","technicien"
"techniciens","technicien"
"techniques","technique"
"technologies","technologie"
"technologiques","technologique"
"teintes","teinte"
"teintures","teinture"
"temporaires","temporaire"
"températures","température"
"tendances","tendance"
"tendu","tendus"
"tensions","tension"
"tentures","tenture"
"termes","terme"
"terminaux","terminal"
"terminé","terminer"
"terrains","terrain"
"terrasse","terrasses"
"terrestres","terrestre"
"territoriale","territorial"
"territoriales","territorial"
"tertiaires","tertiaire"
"testeuse","testeur"
"tests","test"
"textes","texte"
"textiles","textile"
"textures","texture"
"thermale","thermal"
"thermiques","thermique"
"thèmes","thème"
"thèses","thèse"
"théatre","théâtre"
"thématiques","thématique"
"théoriques","théorique"
"thérapeutiques","thérapeutique"
"thérapies","thérapie"
"théâtres","théâtre"
"tickets","ticket"
"tierce","tiers"
"tiges","tige"
"tirages","tirage"
"tirer","tirage"
"tireur","tirer"
"tireuse","tireur"
"tirs","tir"
"tirés","tirer"
"tisser","tissage"
"tissus","tissu"
"tissé","tisser"
"tissées","tisser"
"titre","titrage"
"titres","titrage"
"titulaires","titulaire"
"toiles","toile"
"toitures","toiture"
"tombes","tomber"
"topographiques","topographique"
"torsions","torsion"
"touchée","toucher"
"touristiques","touristique"
"tournages","tournage"
"tournant","tournante"
"tournée","tournées"
"tours","tour"
"trace","tracer"
"traceurs","traceur"
"traceuse","traceur"
"tractage","tracteur"
"tracteurs","tracteur"
"tracé","tracer"
"tracés","tracer"
"traditionnelle","traditionnel"
"traditionnelles","traditionnel"
"traditionnels","traditionnel"
"traducteurs","traducteur"
"traductions","traduction"
"traductrice","traducteur"
"traduit","traduire"
"trains","train"
"traitant","traitement"
"traitante","traitement"
"traitants","traitement"
"traite","traitement"
"traitements","traitement"
"traiter","traitement"
"traiteurs","traiteur"
"traité","traitement"
"traités","traitement"
"trajectoires","trajectoire"
"tranchant","trancher"
"tranchants","trancher"
"tranche","trancher"
"tranches","trancher"
"tranchée","trancher"
"tranchées","trancher"
"transactionnelle","transactionnel"
"transactions","transaction"
"transferts","transfert"
"transformateurs","transformateur"
"transforme","transformation"
"transformer","transformation"
"transformés","transformation"
"transitaires","transitaire"
"transmet","transmettre"
"transmetteurs","transmetteur"
"transmis","transmettre"
"transmises","transmettre"
"transmissions","transmission"
"transporte","transport"
"transporter","transport"
"transporteurs","transport"
"transports","transport"
"transportées","transport"
"transportés","transport"
"transpose","transposer"
"travailler","travail"
"travailleurs","travailleur"
"travailleuse","travailleur"
"travaux","travail"
"treuils","treuil"
"tria","tri"
"tribunaux","tribunal"
"tricotage","tricoter"
"tricots","tricot"
"trie","tri"
"trier","tri"
"trieuse","trieur"
"trouble","troubles"
"trous","trou"
"trousse","trousser"
"trucages","trucage"
"trésorière","trésorier"
"tubes","tube"
"turbine","turbines"
"tuyauteries","tuyauterie"
"types","type"
"télécommunications","télécommunication"
"télécoms","télécom"
"téléfilms","téléfilm"
"téléphoniques","téléphonique"
"télévisuelle","télévisuel"
"télévisée","télévisées"
"témoins","témoin"
"têtes","tête"
"tôles","tôle"
"ultrasons","ultrason"
"unités","unité"
"universitaires","universitaire"
"universités","université"
"urbaine","urbain"
"urbaines","urbain"
"urbains","urbain"
"urgences","urgence"
"usagers","usager"
"usages","usage"
"usine","usinage"
"usiner","usinage"
"usines","usinage"
"usinées","usinage"
"usinés","usinage"
"utilisant","utiliser"
"utilisateurs","utilisateur"
"utilisation","utiliser"
"utilisatrice","utilisateur"
"utilise","utiliser"
"utilisé","utiliser"
"utilisée","utiliser"
"utilisés","utiliser"
"utilitaires","utilitaire"
"vaccination","vaccinations"
"valeurs","valeur"
"valide","validation"
"valider","validation"
"valorise","valorisation"
"valoriser","valorisation"
"vanne","vannes"
"variables","variable"
"variations","variation"
"varie","varier"
"variée","varier"
"variétés","variété"
"vecteurs","vecteur"
"veillant","veiller"
"veille","veiller"
"vend","vendre"
"vendeurs","vendeur"
"vendeuse","vendeur"
"vendu","vendre"
"vendues","vendre"
"ventes","vente"
"ventilateurs","ventilation"
"vents","vent"
"verreries","verrerie"
"verres","verre"
"verrières","verrière"
"versions","version"
"vertes","vert"
"verticale","vertical"
"verticales","vertical"
"verts","vert"
"vestimentaires","vestimentaire"
"viandes","viande"
"vidange","vidanger"
"vide","vider"
"vidéos","vidéo"
"viennoiseries","viennoiserie"
"vigilances","vigilance"
"vins","vin"
"violences","violence"
"virale","viral"
"virtuelle","virtuel"
"virtuels","virtuel"
"visages","visage"
"visite","visiter"
"visites","visiter"
"visiteur","visiter"
"visiteurs","visiter"
"visiteuse","visiter"
"visuelle","visuel"
"visuelles","visuel"
"visuels","visuel"
"vitesses","vitesse"
"viticulture-oenologie","viticulture oenologie"
"vitrages","vitrage"
"vivants","vivant"
"vocaux","vocal"
"voie","voies"
"voiles","voile"
"voiture","voitures"
"volailles","volaille"
"volant","volante"
"volets","volet"
"vols","vol"
"volumes","volume"
"volumineuses","volumineux"
"voyage","voyages"
"vues","vue"
"végétale","végétal"
"végétales","végétal"
"végétaux","végétal"
"véhicule","véhiculer"
"véhicules","véhiculer"
"vérandas","véranda"
"vérifications","vérification"
"vérificatrice","vérificateur"
"vérifie","vérifier"
"vérifié","vérifier"
"vérins","vérin"
"vétérinaires","vétérinaire"
"vêtements","vêtement"
"zones","zone"
"zoologiques","zoologique"
"âgée","âgées"
"écarts","écart"
"échafaudages","échafaudage"
"échange","échanger"
"échanges","échanger"
"échantillons","échantillon"
"échelles","échelle"
"éclairages","éclairage"
"éclairantes","éclairer"
"écoles","école"
"économiques","économique"
"écoulements","écoulement"
"écrans","écran"
"écrit","écrire"
"écrite","écrire"
"écrits","écrire"
"écritures","écriture"
"écrivains","écrivain"
"éditeurs","éditeur"
"éditoriale","éditorial"
"éducateur","éducatif"
"éducateurs","éducateur"
"éducatifs","éducatif"
"éducative","éducatif"
"éducatives","éducatif"
"éducatrice","éducateur"
"élabore","élaboration"
"élaborent","élaboration"
"élaborer","élaboration"
"élections","élection"
"électorale","électoral"
"électricienne","électricien"
"électriciens","électricien"
"électricité-électronique","électricité électronique"
"électriques","électrique"
"électrodes","électrode"
"électromagnétiques","électromagnétique"
"électroniques","électronique"
"élevages","élevage"
"éleveurs","éleveur"
"éleveuse","éleveur"
"élevé","élever"
"élevée","élever"
"élève","élever"
"élèves","élever"
"élémentaires","élémentaire"
"éléments","élément"
"élévateurs","élévateur"
"élévatrice","élévateur"
"élévatrices","élévateur"
"émaille","émailler"
"émaillées","émailler"
"émaux","émail"
"émis","émettre"
"émissions","émission"
"énergies","énergie"
"énergétiques","énergétique"
"éoliennes","éolien"
"épais","épaisseur"
"épaisses","épaisseur"
"épaisseurs","épaisseur"
"éplucher","épluchage"
"époques","époque"
"épreuves","épreuve"
"équestres","équestre"
"équine","équin"
"équipe","équiper"
"équipement","équiper"
"équipements","équiper"
"équipes","équiper"
"équipière","équipier"
"équipé","équiper"
"équipée","équiper"
"équipées","équiper"
"établies","établir"
"établis","établir"
"établissements","établissement"
"établit","établir"
"étalonner","étalonnage"
"étapes","étape"
"états","état"
"étendue","étendre"
"étendues","étendre"
"éthiques","éthique"
"étiquettes","étiqueter"
"étrangers","étranger"
"étrangère","étranger"
"étrangères","étranger"
"études","étude"
"étudiants","étudier"
"étudie","étudier"
"étuves","étuve"
"évacuations","évacuation"
"évacuer","évacuation"
"évaluateur","évaluation"
"évaluations","évaluation"
"évalue","évaluation"
"évaluer","évaluation"
"évolutions","évolution"
"évènement","événement"
"évènementielle","évènementiel"
"évènements","événement"
"événementielle","évènementiel"
"événements","événement"
"îlots","îlot"
